config_alias,method,budget_cpu_seconds,runs,independent_source_groups,mean_value_ticks_exact,mean_reward_seconds,paired_delta_degree_seconds,paired_relative_degree_percent,paired_delta_chils_p1_seconds,paired_relative_chils_p1_percent,mean_actual_cpu_seconds,mean_feature_cpu_seconds,mean_trial_count,mean_soft_cpu_overshoot_seconds,negative_raw_proposals
A,llm_witness,10.0,4,2,3146889693999/4,786722.42349975,-3389.3025625,-0.429007649230536,-5624.40733325,-0.7095508172460959,10.02206634425,4.404758710250023,2787.75,0.022066344250000203,1558
A,llm_feedback,10.0,4,2,1571393211327/2,785696.6056635,-4415.12039875,-0.5586354793066415,-6650.2251695,-0.8387343349798098,10.02567670825,2.052312428250018,3903.75,0.025676708250000235,1667
A,grammar_online,10.0,4,2,3152055163293/4,788013.79082325,-2097.935239,-0.26534472818494387,-4333.04000975,-0.5462591304435224,10.02914511725,3.9993818295000403,2386.0,0.029145117249999686,2421
A,witness_fixed,10.0,4,2,783312263734,783312.263734,-6799.46232825,-0.8604134689113393,-9034.567099,-1.1395052375397146,10.00679447475,8.516882659250008,740.75,0.00679447475000039,1533
A,witness_base9,10.0,4,2,786865512119,786865.512119,-3246.21394325,-0.4107373001574183,-5481.318714,-0.6913967066651818,10.0292550845,1.4107319375000404,4112.5,0.02925508450000036,1412
A,degree,10.0,4,2,3160446904249/4,790111.72606225,0.0,0.0,-2235.10477075,-0.2819279306967358,10.010004284,2.372781013999954,3588.5,0.010004283999999863,7996
A,chils_ils,10.0,4,2,792346830833,792346.830833,2235.10477075,0.28283961747820796,0.0,0.0,10.01590182825,0.0,0.0,0.015901828250000083,0
A,chils,10.0,4,2,789545871653,789545.871653,-565.85440925,-0.07158472380040692,-2800.95918,-0.35326469264087823,10.01409712975,0.0,0.0,0.014097129750000104,0
A,cp_sat,10.0,4,2,3163574884423/4,790893.72110575,781.9950435,0.09896402259723983,-1453.10972725,-0.18324053470091717,10.02207440625,0.0,0.0,0.022074406250000678,0
E,llm_witness,10.0,4,2,2965892669949/4,741473.16748725,-7042.62351775,-0.9403276221162081,-13470.5103015,-1.7827105804467263,10.0454252235,2.3281432552498966,4170.25,0.04542522350000011,1371
E,llm_feedback,10.0,4,2,744871839286,744871.839286,-3643.951719,-0.4871650546548551,-10071.83850275,-1.3339485181076909,10.033905951249999,2.644672042999953,3681.75,0.03390595124999951,2005
E,grammar_online,10.0,4,2,2981580857325/4,745395.21433125,-3120.57667375,-0.4164152572527137,-9548.4634575,-1.2633470253969648,10.008142868,4.143291847500047,2714.0,0.008142867999999748,2332
E,witness_fixed,10.0,4,2,740676808584,740676.808584,-7838.982421,-1.0467515722820058,-14266.86920475,-1.8882579566456306,10.00667024975,8.022557620999955,1085.75,0.006670249750000412,2022
E,witness_base9,10.0,4,2,1488104980519/2,744052.4902595,-4463.3007455,-0.5952996228205426,-10891.18752925,-1.440315119938953,10.02687414825,1.3957669582499779,4080.75,0.02687414825000012,2545
E,degree,10.0,4,2,748515791005,748515.791005,0.0,0.0,-6427.88678375,-0.8507358275340328,10.00990747125,2.1910582754999233,4462.0,0.009907471250000022,9364
E,chils_ils,10.0,4,2,3019774711155/4,754943.67778875,6427.88678375,0.8583297242346973,0.0,0.0,10.01596093275,0.0,0.0,0.0159609327500001,0
E,chils,10.0,4,2,747004262995,747004.262995,-1511.52801,-0.20152527835615971,-7939.41479375,-1.0502985138576157,10.01550913325,0.0,0.0,0.015509133249999696,0
E,cp_sat,10.0,4,2,1476664107869/2,738332.0539345,-10183.7370705,-1.3563009977253713,-16611.62385425,-2.192705318327504,10.026673403499998,0.0,0.0,0.02667340349999936,0
J,llm_witness,10.0,4,2,2685227746977/4,671306.93674425,-5298.00777525,-0.7846408772802126,-27346.5125035,-3.9153102697884834,10.02037669275,2.798642385250101,3611.25,0.020376692750000203,2514
J,llm_feedback,10.0,4,2,669727915700,669727.9157,-6877.0288195,-1.0145211747287821,-28925.53354775,-4.139344386620601,10.04158670975,2.4700594607498574,3960.0,0.041586709749999784,1474
J,grammar_online,10.0,4,2,1342536224883/2,671268.1124415,-5336.832078,-0.7881934352802312,-27385.33680625,-3.9192318559298718,10.01339206775,2.6886274152501075,3750.0,0.013392067749999903,2180
J,witness_fixed,10.0,4,2,666263300539,666263.300539,-10341.6439805,-1.5283017121038476,-32390.14870875,-4.636289124785923,10.0076011955,7.362343745749953,1446.75,0.007601195499999935,2260
J,witness_base9,10.0,4,2,2676746050605/4,669186.51265125,-7418.43186825,-1.0957003476047023,-29466.9365965,-4.2186935005034965,10.03833857825,1.204165442499992,4568.5,0.038338578249999866,1314
J,degree,10.0,4,2,1353209889039/2,676604.9445195,0.0,0.0,-22048.50472825,-3.155924526592153,10.0282711935,1.5556387277500674,4371.25,0.02827119350000018,4453
J,chils_ils,10.0,4,2,2794613796991/4,698653.44924775,22048.50472825,3.25916157274989,0.0,0.0,10.01650873375,0.0,0.0,0.016508733749999838,0
J,chils,10.0,4,2,2689285565431/4,672321.39135775,-4283.55316175,-0.6322506983639123,-26332.05789,-3.7683868715390196,10.0173073385,0.0,0.0,0.017307338500000213,0
J,cp_sat,10.0,4,2,1279243717303/2,639621.8586515,-36983.085868,-5.465907134560932,-59031.59059625,-8.449331885300992,10.0247197625,0.0,0.0,0.024719762499999742,0
W,llm_witness,10.0,4,2,744196456850,744196.45685,-4449.6041255,-0.5943594342651262,-10805.73410225,-1.4310688980257558,10.029103269,2.553007033999927,3796.5,0.029103269000000154,2076
W,llm_feedback,10.0,4,2,1486993164481/2,743496.5822405,-5149.478735,-0.6872694525147786,-11505.60871175,-1.5231361928939466,10.057101063000001,2.356095321249893,3880.0,0.057101063000000174,2074
W,grammar_online,10.0,4,2,745033960244,745033.960244,-3612.1007315,-0.48264812643841415,-9968.23070825,-1.320312374974574,10.0127288175,2.5977595712500814,3609.0,0.012728817499999323,1948
W,witness_fixed,10.0,4,2,2959200209573/4,739800.05239325,-8846.00858225,-1.1810065768204883,-15202.138559,-2.01272434811155,10.0068844505,8.059384977750197,1059.75,0.006884450500000305,1965
W,witness_base9,10.0,4,2,2977345053997/4,744336.26349925,-4309.79747625,-0.5745088267261763,-10665.927453,-1.4112748855621666,10.03381315875,1.471815909499877,4410.25,0.03381315875000013,2112
W,degree,10.0,4,2,1497292121951/2,748646.0609755,0.0,0.0,-6356.12997675,-0.8417128871210632,10.01170000675,2.248241520750147,4560.25,0.011700006749999936,9721
W,chils_ils,10.0,4,2,3020008763809/4,755002.19095225,6356.12997675,0.8488740182520866,0.0,0.0,10.0166668435,0.0,0.0,0.016666843499999917,0
W,chils,10.0,4,2,746811906486,746811.906486,-1834.1544895,-0.24458046376184367,-8190.28446625,-1.0841929251651468,10.0162297335,0.0,0.0,0.0162297334999999,0
W,cp_sat,10.0,4,2,2909636340401/4,727409.08510025,-21236.97587525,-2.8356770710457706,-27593.105852,-3.65342397850134,10.0254859655,0.0,0.0,0.02548596550000015,0
