query_id,source,patch_cap,action_group,pair,a_equal_full9,b_equal_full9,relation,two_strict
CP-AP-r000:q000:d08,CP-AP-r000,16,east-east,A->J,False,False,preservation,True
CP-AP-r000:q000:d08,CP-AP-r000,16,east-east,A->W,True,True,preservation,True
CP-AP-r000:q000:d08,CP-AP-r000,16,east-east,A->E,False,False,preservation,True
CP-AP-r000:q000:d08,CP-AP-r000,16,east-east,W->J,False,False,preservation,True
CP-AP-r000:q000:d08,CP-AP-r000,16,east-east,E->J,True,True,preservation,True
CP-AP-r000:q000:d08,CP-AP-r000,16,east-east,W->E,False,False,preservation,True
CP-AP-r000:q000:d16,CP-AP-r000,64,east-east,A->J,False,False,unknown,False
CP-AP-r000:q000:d16,CP-AP-r000,64,east-east,A->W,True,True,unknown,False
CP-AP-r000:q000:d16,CP-AP-r000,64,east-east,A->E,False,False,unknown,False
CP-AP-r000:q000:d16,CP-AP-r000,64,east-east,W->J,False,False,unknown,False
CP-AP-r000:q000:d16,CP-AP-r000,64,east-east,E->J,True,True,unknown,False
CP-AP-r000:q000:d16,CP-AP-r000,64,east-east,W->E,False,False,unknown,False
CP-AP-r000:q000:d32,CP-AP-r000,128,east-east,A->J,False,False,unknown,False
CP-AP-r000:q000:d32,CP-AP-r000,128,east-east,A->W,True,True,unknown,False
CP-AP-r000:q000:d32,CP-AP-r000,128,east-east,A->E,False,False,unknown,False
CP-AP-r000:q000:d32,CP-AP-r000,128,east-east,W->J,False,False,unknown,False
CP-AP-r000:q000:d32,CP-AP-r000,128,east-east,E->J,True,True,unknown,False
CP-AP-r000:q000:d32,CP-AP-r000,128,east-east,W->E,False,False,unknown,False
CP-AP-r000:q001:d08,CP-AP-r000,16,east-east,A->J,False,False,preservation,True
CP-AP-r000:q001:d08,CP-AP-r000,16,east-east,A->W,True,True,preservation,True
CP-AP-r000:q001:d08,CP-AP-r000,16,east-east,A->E,False,False,preservation,True
CP-AP-r000:q001:d08,CP-AP-r000,16,east-east,W->J,False,False,preservation,True
CP-AP-r000:q001:d08,CP-AP-r000,16,east-east,E->J,True,True,preservation,True
CP-AP-r000:q001:d08,CP-AP-r000,16,east-east,W->E,False,False,preservation,True
CP-AP-r000:q001:d16,CP-AP-r000,64,east-east,A->J,False,False,unknown,False
CP-AP-r000:q001:d16,CP-AP-r000,64,east-east,A->W,True,True,unknown,False
CP-AP-r000:q001:d16,CP-AP-r000,64,east-east,A->E,False,False,unknown,False
CP-AP-r000:q001:d16,CP-AP-r000,64,east-east,W->J,False,False,unknown,False
CP-AP-r000:q001:d16,CP-AP-r000,64,east-east,E->J,True,True,unknown,False
CP-AP-r000:q001:d16,CP-AP-r000,64,east-east,W->E,False,False,unknown,False
CP-AP-r000:q001:d32,CP-AP-r000,128,east-east,A->J,False,False,unknown,False
CP-AP-r000:q001:d32,CP-AP-r000,128,east-east,A->W,True,True,unknown,False
CP-AP-r000:q001:d32,CP-AP-r000,128,east-east,A->E,False,False,unknown,False
CP-AP-r000:q001:d32,CP-AP-r000,128,east-east,W->J,False,False,unknown,False
CP-AP-r000:q001:d32,CP-AP-r000,128,east-east,E->J,True,True,unknown,False
CP-AP-r000:q001:d32,CP-AP-r000,128,east-east,W->E,False,False,unknown,False
CP-AP-r000:q002:d08,CP-AP-r000,16,east-east,A->J,False,False,preservation,True
CP-AP-r000:q002:d08,CP-AP-r000,16,east-east,A->W,True,True,preservation,True
CP-AP-r000:q002:d08,CP-AP-r000,16,east-east,A->E,False,False,preservation,True
CP-AP-r000:q002:d08,CP-AP-r000,16,east-east,W->J,False,False,preservation,True
CP-AP-r000:q002:d08,CP-AP-r000,16,east-east,E->J,True,True,preservation,True
CP-AP-r000:q002:d08,CP-AP-r000,16,east-east,W->E,False,False,preservation,True
CP-AP-r000:q002:d16,CP-AP-r000,64,east-east,A->J,False,False,preservation,True
CP-AP-r000:q002:d16,CP-AP-r000,64,east-east,A->W,True,True,preservation,True
CP-AP-r000:q002:d16,CP-AP-r000,64,east-east,A->E,False,False,preservation,True
CP-AP-r000:q002:d16,CP-AP-r000,64,east-east,W->J,False,False,preservation,True
CP-AP-r000:q002:d16,CP-AP-r000,64,east-east,E->J,True,True,preservation,True
CP-AP-r000:q002:d16,CP-AP-r000,64,east-east,W->E,False,False,preservation,True
CP-AP-r000:q002:d32,CP-AP-r000,128,east-east,A->J,False,False,unknown,False
CP-AP-r000:q002:d32,CP-AP-r000,128,east-east,A->W,True,True,unknown,False
CP-AP-r000:q002:d32,CP-AP-r000,128,east-east,A->E,False,False,unknown,False
CP-AP-r000:q002:d32,CP-AP-r000,128,east-east,W->J,False,False,unknown,False
CP-AP-r000:q002:d32,CP-AP-r000,128,east-east,E->J,True,True,unknown,False
CP-AP-r000:q002:d32,CP-AP-r000,128,east-east,W->E,False,False,unknown,False
CP-AP-r000:q003:d08,CP-AP-r000,16,east-east,A->J,False,False,preservation,True
CP-AP-r000:q003:d08,CP-AP-r000,16,east-east,A->W,True,True,preservation,True
CP-AP-r000:q003:d08,CP-AP-r000,16,east-east,A->E,False,False,preservation,True
CP-AP-r000:q003:d08,CP-AP-r000,16,east-east,W->J,False,False,preservation,True
CP-AP-r000:q003:d08,CP-AP-r000,16,east-east,E->J,True,True,preservation,True
CP-AP-r000:q003:d08,CP-AP-r000,16,east-east,W->E,False,False,preservation,True
CP-AP-r000:q003:d16,CP-AP-r000,64,east-east,A->J,False,False,unknown,False
CP-AP-r000:q003:d16,CP-AP-r000,64,east-east,A->W,True,True,unknown,False
CP-AP-r000:q003:d16,CP-AP-r000,64,east-east,A->E,False,False,unknown,False
CP-AP-r000:q003:d16,CP-AP-r000,64,east-east,W->J,False,False,unknown,False
CP-AP-r000:q003:d16,CP-AP-r000,64,east-east,E->J,True,True,preservation,True
CP-AP-r000:q003:d16,CP-AP-r000,64,east-east,W->E,False,False,unknown,False
CP-AP-r000:q003:d32,CP-AP-r000,128,east-east,A->J,False,False,unknown,False
CP-AP-r000:q003:d32,CP-AP-r000,128,east-east,A->W,True,True,unknown,False
CP-AP-r000:q003:d32,CP-AP-r000,128,east-east,A->E,False,False,unknown,False
CP-AP-r000:q003:d32,CP-AP-r000,128,east-east,W->J,False,False,unknown,False
CP-AP-r000:q003:d32,CP-AP-r000,128,east-east,E->J,True,True,unknown,False
CP-AP-r000:q003:d32,CP-AP-r000,128,east-east,W->E,False,False,unknown,False
CP-AP-r000:q004:d08,CP-AP-r000,16,east-east,A->J,False,False,preservation,True
CP-AP-r000:q004:d08,CP-AP-r000,16,east-east,A->W,True,True,preservation,True
CP-AP-r000:q004:d08,CP-AP-r000,16,east-east,A->E,False,False,preservation,True
CP-AP-r000:q004:d08,CP-AP-r000,16,east-east,W->J,False,False,preservation,True
CP-AP-r000:q004:d08,CP-AP-r000,16,east-east,E->J,True,True,preservation,True
CP-AP-r000:q004:d08,CP-AP-r000,16,east-east,W->E,False,False,preservation,True
CP-AP-r000:q004:d16,CP-AP-r000,64,east-east,A->J,False,False,unknown,False
CP-AP-r000:q004:d16,CP-AP-r000,64,east-east,A->W,True,True,unknown,False
CP-AP-r000:q004:d16,CP-AP-r000,64,east-east,A->E,False,False,unknown,False
CP-AP-r000:q004:d16,CP-AP-r000,64,east-east,W->J,False,False,unknown,False
CP-AP-r000:q004:d16,CP-AP-r000,64,east-east,E->J,True,True,preservation,True
CP-AP-r000:q004:d16,CP-AP-r000,64,east-east,W->E,False,False,unknown,False
CP-AP-r000:q004:d32,CP-AP-r000,128,east-east,A->J,False,False,unknown,False
CP-AP-r000:q004:d32,CP-AP-r000,128,east-east,A->W,True,True,unknown,False
CP-AP-r000:q004:d32,CP-AP-r000,128,east-east,A->E,False,False,unknown,False
CP-AP-r000:q004:d32,CP-AP-r000,128,east-east,W->J,False,False,unknown,False
CP-AP-r000:q004:d32,CP-AP-r000,128,east-east,E->J,True,True,unknown,False
CP-AP-r000:q004:d32,CP-AP-r000,128,east-east,W->E,False,False,unknown,False
CP-AP-r000:q005:d08,CP-AP-r000,16,west-west,A->J,False,False,reversal,True
CP-AP-r000:q005:d08,CP-AP-r000,16,west-west,A->W,False,False,reversal,True
CP-AP-r000:q005:d08,CP-AP-r000,16,west-west,A->E,True,True,preservation,True
CP-AP-r000:q005:d08,CP-AP-r000,16,west-west,W->J,True,True,preservation,True
CP-AP-r000:q005:d08,CP-AP-r000,16,west-west,E->J,False,False,reversal,True
CP-AP-r000:q005:d08,CP-AP-r000,16,west-west,W->E,False,False,reversal,True
CP-AP-r000:q005:d16,CP-AP-r000,64,west-west,A->J,False,False,unknown,False
CP-AP-r000:q005:d16,CP-AP-r000,64,west-west,A->W,False,False,unknown,False
CP-AP-r000:q005:d16,CP-AP-r000,64,west-west,A->E,True,True,unknown,False
CP-AP-r000:q005:d16,CP-AP-r000,64,west-west,W->J,True,True,preservation,True
CP-AP-r000:q005:d16,CP-AP-r000,64,west-west,E->J,False,False,unknown,False
CP-AP-r000:q005:d16,CP-AP-r000,64,west-west,W->E,False,False,unknown,False
CP-AP-r000:q005:d32,CP-AP-r000,128,west-west,A->J,False,False,unknown,False
CP-AP-r000:q005:d32,CP-AP-r000,128,west-west,A->W,False,False,unknown,False
CP-AP-r000:q005:d32,CP-AP-r000,128,west-west,A->E,True,True,unknown,False
CP-AP-r000:q005:d32,CP-AP-r000,128,west-west,W->J,True,True,unknown,False
CP-AP-r000:q005:d32,CP-AP-r000,128,west-west,E->J,False,False,unknown,False
CP-AP-r000:q005:d32,CP-AP-r000,128,west-west,W->E,False,False,unknown,False
CP-AP-r000:q006:d08,CP-AP-r000,16,west-west,A->J,False,False,reversal,True
CP-AP-r000:q006:d08,CP-AP-r000,16,west-west,A->W,False,False,reversal,True
CP-AP-r000:q006:d08,CP-AP-r000,16,west-west,A->E,True,True,preservation,True
CP-AP-r000:q006:d08,CP-AP-r000,16,west-west,W->J,True,True,preservation,True
CP-AP-r000:q006:d08,CP-AP-r000,16,west-west,E->J,False,False,reversal,True
CP-AP-r000:q006:d08,CP-AP-r000,16,west-west,W->E,False,False,reversal,True
CP-AP-r000:q006:d16,CP-AP-r000,64,west-west,A->J,False,False,unknown,False
CP-AP-r000:q006:d16,CP-AP-r000,64,west-west,A->W,False,False,unknown,False
CP-AP-r000:q006:d16,CP-AP-r000,64,west-west,A->E,True,True,unknown,False
CP-AP-r000:q006:d16,CP-AP-r000,64,west-west,W->J,True,True,preservation,True
CP-AP-r000:q006:d16,CP-AP-r000,64,west-west,E->J,False,False,unknown,False
CP-AP-r000:q006:d16,CP-AP-r000,64,west-west,W->E,False,False,unknown,False
CP-AP-r000:q006:d32,CP-AP-r000,128,west-west,A->J,False,False,unknown,False
CP-AP-r000:q006:d32,CP-AP-r000,128,west-west,A->W,False,False,unknown,False
CP-AP-r000:q006:d32,CP-AP-r000,128,west-west,A->E,True,True,unknown,False
CP-AP-r000:q006:d32,CP-AP-r000,128,west-west,W->J,True,True,unknown,False
CP-AP-r000:q006:d32,CP-AP-r000,128,west-west,E->J,False,False,unknown,False
CP-AP-r000:q006:d32,CP-AP-r000,128,west-west,W->E,False,False,unknown,False
CP-AP-r000:q007:d08,CP-AP-r000,16,west-west,A->J,False,False,reversal,True
CP-AP-r000:q007:d08,CP-AP-r000,16,west-west,A->W,False,False,reversal,True
CP-AP-r000:q007:d08,CP-AP-r000,16,west-west,A->E,True,True,preservation,True
CP-AP-r000:q007:d08,CP-AP-r000,16,west-west,W->J,True,True,preservation,True
CP-AP-r000:q007:d08,CP-AP-r000,16,west-west,E->J,False,False,reversal,True
CP-AP-r000:q007:d08,CP-AP-r000,16,west-west,W->E,False,False,reversal,True
CP-AP-r000:q007:d16,CP-AP-r000,64,west-west,A->J,False,False,unknown,False
CP-AP-r000:q007:d16,CP-AP-r000,64,west-west,A->W,False,False,unknown,False
CP-AP-r000:q007:d16,CP-AP-r000,64,west-west,A->E,True,True,unknown,False
CP-AP-r000:q007:d16,CP-AP-r000,64,west-west,W->J,True,True,preservation,True
CP-AP-r000:q007:d16,CP-AP-r000,64,west-west,E->J,False,False,unknown,False
CP-AP-r000:q007:d16,CP-AP-r000,64,west-west,W->E,False,False,unknown,False
CP-AP-r000:q007:d32,CP-AP-r000,128,west-west,A->J,False,False,unknown,False
CP-AP-r000:q007:d32,CP-AP-r000,128,west-west,A->W,False,False,unknown,False
CP-AP-r000:q007:d32,CP-AP-r000,128,west-west,A->E,True,True,unknown,False
CP-AP-r000:q007:d32,CP-AP-r000,128,west-west,W->J,True,True,unknown,False
CP-AP-r000:q007:d32,CP-AP-r000,128,west-west,E->J,False,False,unknown,False
CP-AP-r000:q007:d32,CP-AP-r000,128,west-west,W->E,False,False,unknown,False
CP-AP-r000:q008:d08,CP-AP-r000,16,east-east,A->J,False,False,preservation,True
CP-AP-r000:q008:d08,CP-AP-r000,16,east-east,A->W,True,True,preservation,True
CP-AP-r000:q008:d08,CP-AP-r000,16,east-east,A->E,False,False,preservation,True
CP-AP-r000:q008:d08,CP-AP-r000,16,east-east,W->J,False,False,preservation,True
CP-AP-r000:q008:d08,CP-AP-r000,16,east-east,E->J,True,True,preservation,True
CP-AP-r000:q008:d08,CP-AP-r000,16,east-east,W->E,False,False,preservation,True
CP-AP-r000:q008:d16,CP-AP-r000,64,east-east,A->J,False,False,unknown,False
CP-AP-r000:q008:d16,CP-AP-r000,64,east-east,A->W,True,True,unknown,False
CP-AP-r000:q008:d16,CP-AP-r000,64,east-east,A->E,False,False,unknown,False
CP-AP-r000:q008:d16,CP-AP-r000,64,east-east,W->J,False,False,unknown,False
CP-AP-r000:q008:d16,CP-AP-r000,64,east-east,E->J,True,True,unknown,False
CP-AP-r000:q008:d16,CP-AP-r000,64,east-east,W->E,False,False,unknown,False
CP-AP-r000:q008:d32,CP-AP-r000,128,east-east,A->J,False,False,unknown,False
CP-AP-r000:q008:d32,CP-AP-r000,128,east-east,A->W,True,True,unknown,False
CP-AP-r000:q008:d32,CP-AP-r000,128,east-east,A->E,False,False,unknown,False
CP-AP-r000:q008:d32,CP-AP-r000,128,east-east,W->J,False,False,unknown,False
CP-AP-r000:q008:d32,CP-AP-r000,128,east-east,E->J,True,True,unknown,False
CP-AP-r000:q008:d32,CP-AP-r000,128,east-east,W->E,False,False,unknown,False
CP-AP-r000:q009:d08,CP-AP-r000,16,east-east,A->J,False,False,preservation,True
CP-AP-r000:q009:d08,CP-AP-r000,16,east-east,A->W,True,True,preservation,True
CP-AP-r000:q009:d08,CP-AP-r000,16,east-east,A->E,False,False,preservation,True
CP-AP-r000:q009:d08,CP-AP-r000,16,east-east,W->J,False,False,preservation,True
CP-AP-r000:q009:d08,CP-AP-r000,16,east-east,E->J,True,True,preservation,True
CP-AP-r000:q009:d08,CP-AP-r000,16,east-east,W->E,False,False,preservation,True
CP-AP-r000:q009:d16,CP-AP-r000,64,east-east,A->J,False,False,unknown,False
CP-AP-r000:q009:d16,CP-AP-r000,64,east-east,A->W,True,True,unknown,False
CP-AP-r000:q009:d16,CP-AP-r000,64,east-east,A->E,False,False,unknown,False
CP-AP-r000:q009:d16,CP-AP-r000,64,east-east,W->J,False,False,unknown,False
CP-AP-r000:q009:d16,CP-AP-r000,64,east-east,E->J,True,True,unknown,False
CP-AP-r000:q009:d16,CP-AP-r000,64,east-east,W->E,False,False,unknown,False
CP-AP-r000:q009:d32,CP-AP-r000,128,east-east,A->J,False,False,unknown,False
CP-AP-r000:q009:d32,CP-AP-r000,128,east-east,A->W,True,True,unknown,False
CP-AP-r000:q009:d32,CP-AP-r000,128,east-east,A->E,False,False,unknown,False
CP-AP-r000:q009:d32,CP-AP-r000,128,east-east,W->J,False,False,unknown,False
CP-AP-r000:q009:d32,CP-AP-r000,128,east-east,E->J,True,True,unknown,False
CP-AP-r000:q009:d32,CP-AP-r000,128,east-east,W->E,False,False,unknown,False
CP-AP-r001:q000:d08,CP-AP-r001,16,west-west,A->J,False,False,preservation,True
CP-AP-r001:q000:d08,CP-AP-r001,16,west-west,A->W,False,False,preservation,True
CP-AP-r001:q000:d08,CP-AP-r001,16,west-west,A->E,True,True,preservation,True
CP-AP-r001:q000:d08,CP-AP-r001,16,west-west,W->J,True,True,preservation,True
CP-AP-r001:q000:d08,CP-AP-r001,16,west-west,E->J,False,False,preservation,True
CP-AP-r001:q000:d08,CP-AP-r001,16,west-west,W->E,False,False,preservation,True
CP-AP-r001:q000:d16,CP-AP-r001,64,west-west,A->J,False,False,unknown,False
CP-AP-r001:q000:d16,CP-AP-r001,64,west-west,A->W,False,False,unknown,False
CP-AP-r001:q000:d16,CP-AP-r001,64,west-west,A->E,True,True,unknown,False
CP-AP-r001:q000:d16,CP-AP-r001,64,west-west,W->J,True,True,unknown,False
CP-AP-r001:q000:d16,CP-AP-r001,64,west-west,E->J,False,False,unknown,False
CP-AP-r001:q000:d16,CP-AP-r001,64,west-west,W->E,False,False,unknown,False
CP-AP-r001:q000:d32,CP-AP-r001,128,west-west,A->J,False,False,unknown,False
CP-AP-r001:q000:d32,CP-AP-r001,128,west-west,A->W,False,False,unknown,False
CP-AP-r001:q000:d32,CP-AP-r001,128,west-west,A->E,True,True,unknown,False
CP-AP-r001:q000:d32,CP-AP-r001,128,west-west,W->J,True,True,unknown,False
CP-AP-r001:q000:d32,CP-AP-r001,128,west-west,E->J,False,False,unknown,False
CP-AP-r001:q000:d32,CP-AP-r001,128,west-west,W->E,False,False,unknown,False
CP-AP-r001:q001:d08,CP-AP-r001,16,west-west,A->J,False,False,preservation,True
CP-AP-r001:q001:d08,CP-AP-r001,16,west-west,A->W,False,False,preservation,True
CP-AP-r001:q001:d08,CP-AP-r001,16,west-west,A->E,True,True,preservation,True
CP-AP-r001:q001:d08,CP-AP-r001,16,west-west,W->J,True,True,preservation,True
CP-AP-r001:q001:d08,CP-AP-r001,16,west-west,E->J,False,False,preservation,True
CP-AP-r001:q001:d08,CP-AP-r001,16,west-west,W->E,False,False,preservation,True
CP-AP-r001:q001:d16,CP-AP-r001,64,west-west,A->J,False,False,unknown,False
CP-AP-r001:q001:d16,CP-AP-r001,64,west-west,A->W,False,False,unknown,False
CP-AP-r001:q001:d16,CP-AP-r001,64,west-west,A->E,True,True,unknown,False
CP-AP-r001:q001:d16,CP-AP-r001,64,west-west,W->J,True,True,unknown,False
CP-AP-r001:q001:d16,CP-AP-r001,64,west-west,E->J,False,False,unknown,False
CP-AP-r001:q001:d16,CP-AP-r001,64,west-west,W->E,False,False,unknown,False
CP-AP-r001:q001:d32,CP-AP-r001,128,west-west,A->J,False,False,unknown,False
CP-AP-r001:q001:d32,CP-AP-r001,128,west-west,A->W,False,False,unknown,False
CP-AP-r001:q001:d32,CP-AP-r001,128,west-west,A->E,True,True,unknown,False
CP-AP-r001:q001:d32,CP-AP-r001,128,west-west,W->J,True,True,unknown,False
CP-AP-r001:q001:d32,CP-AP-r001,128,west-west,E->J,False,False,unknown,False
CP-AP-r001:q001:d32,CP-AP-r001,128,west-west,W->E,False,False,unknown,False
CP-AP-r001:q002:d08,CP-AP-r001,16,west-west,A->J,False,False,preservation,True
CP-AP-r001:q002:d08,CP-AP-r001,16,west-west,A->W,False,False,preservation,True
CP-AP-r001:q002:d08,CP-AP-r001,16,west-west,A->E,True,True,preservation,True
CP-AP-r001:q002:d08,CP-AP-r001,16,west-west,W->J,True,True,preservation,True
CP-AP-r001:q002:d08,CP-AP-r001,16,west-west,E->J,False,False,preservation,True
CP-AP-r001:q002:d08,CP-AP-r001,16,west-west,W->E,False,False,preservation,True
CP-AP-r001:q002:d16,CP-AP-r001,64,west-west,A->J,False,False,unknown,False
CP-AP-r001:q002:d16,CP-AP-r001,64,west-west,A->W,False,False,unknown,False
CP-AP-r001:q002:d16,CP-AP-r001,64,west-west,A->E,True,True,unknown,False
CP-AP-r001:q002:d16,CP-AP-r001,64,west-west,W->J,True,True,unknown,False
CP-AP-r001:q002:d16,CP-AP-r001,64,west-west,E->J,False,False,preservation,True
CP-AP-r001:q002:d16,CP-AP-r001,64,west-west,W->E,False,False,unknown,False
CP-AP-r001:q002:d32,CP-AP-r001,128,west-west,A->J,False,False,unknown,False
CP-AP-r001:q002:d32,CP-AP-r001,128,west-west,A->W,False,False,unknown,False
CP-AP-r001:q002:d32,CP-AP-r001,128,west-west,A->E,True,True,unknown,False
CP-AP-r001:q002:d32,CP-AP-r001,128,west-west,W->J,True,True,unknown,False
CP-AP-r001:q002:d32,CP-AP-r001,128,west-west,E->J,False,False,unknown,False
CP-AP-r001:q002:d32,CP-AP-r001,128,west-west,W->E,False,False,unknown,False
CP-AP-r001:q003:d08,CP-AP-r001,16,west-west,A->J,False,False,preservation,True
CP-AP-r001:q003:d08,CP-AP-r001,16,west-west,A->W,False,False,preservation,True
CP-AP-r001:q003:d08,CP-AP-r001,16,west-west,A->E,True,True,preservation,True
CP-AP-r001:q003:d08,CP-AP-r001,16,west-west,W->J,True,True,preservation,True
CP-AP-r001:q003:d08,CP-AP-r001,16,west-west,E->J,False,False,preservation,True
CP-AP-r001:q003:d08,CP-AP-r001,16,west-west,W->E,False,False,preservation,True
CP-AP-r001:q003:d16,CP-AP-r001,64,west-west,A->J,False,False,unknown,False
CP-AP-r001:q003:d16,CP-AP-r001,64,west-west,A->W,False,False,unknown,False
CP-AP-r001:q003:d16,CP-AP-r001,64,west-west,A->E,True,True,unknown,False
CP-AP-r001:q003:d16,CP-AP-r001,64,west-west,W->J,True,True,unknown,False
CP-AP-r001:q003:d16,CP-AP-r001,64,west-west,E->J,False,False,preservation,True
CP-AP-r001:q003:d16,CP-AP-r001,64,west-west,W->E,False,False,unknown,False
CP-AP-r001:q003:d32,CP-AP-r001,128,west-west,A->J,False,False,unknown,False
CP-AP-r001:q003:d32,CP-AP-r001,128,west-west,A->W,False,False,unknown,False
CP-AP-r001:q003:d32,CP-AP-r001,128,west-west,A->E,True,True,unknown,False
CP-AP-r001:q003:d32,CP-AP-r001,128,west-west,W->J,True,True,unknown,False
CP-AP-r001:q003:d32,CP-AP-r001,128,west-west,E->J,False,False,unknown,False
CP-AP-r001:q003:d32,CP-AP-r001,128,west-west,W->E,False,False,unknown,False
CP-AP-r001:q004:d08,CP-AP-r001,16,west-east,A->J,False,False,preservation,True
CP-AP-r001:q004:d08,CP-AP-r001,16,west-east,A->W,False,True,preservation,True
CP-AP-r001:q004:d08,CP-AP-r001,16,west-east,A->E,True,False,preservation,True
CP-AP-r001:q004:d08,CP-AP-r001,16,west-east,W->J,True,False,preservation,True
CP-AP-r001:q004:d08,CP-AP-r001,16,west-east,E->J,False,True,preservation,True
CP-AP-r001:q004:d08,CP-AP-r001,16,west-east,W->E,False,False,preservation,True
CP-AP-r001:q004:d16,CP-AP-r001,64,west-east,A->J,False,False,unknown,False
CP-AP-r001:q004:d16,CP-AP-r001,64,west-east,A->W,False,True,unknown,False
CP-AP-r001:q004:d16,CP-AP-r001,64,west-east,A->E,True,False,unknown,False
CP-AP-r001:q004:d16,CP-AP-r001,64,west-east,W->J,True,False,unknown,False
CP-AP-r001:q004:d16,CP-AP-r001,64,west-east,E->J,False,True,unknown,False
CP-AP-r001:q004:d16,CP-AP-r001,64,west-east,W->E,False,False,unknown,False
CP-AP-r001:q004:d32,CP-AP-r001,128,west-east,A->J,False,False,unknown,False
CP-AP-r001:q004:d32,CP-AP-r001,128,west-east,A->W,False,True,unknown,False
CP-AP-r001:q004:d32,CP-AP-r001,128,west-east,A->E,True,False,unknown,False
CP-AP-r001:q004:d32,CP-AP-r001,128,west-east,W->J,True,False,unknown,False
CP-AP-r001:q004:d32,CP-AP-r001,128,west-east,E->J,False,True,unknown,False
CP-AP-r001:q004:d32,CP-AP-r001,128,west-east,W->E,False,False,unknown,False
CP-AP-r001:q005:d08,CP-AP-r001,16,west-east,A->J,False,False,preservation,True
CP-AP-r001:q005:d08,CP-AP-r001,16,west-east,A->W,False,True,preservation,True
CP-AP-r001:q005:d08,CP-AP-r001,16,west-east,A->E,True,False,preservation,True
CP-AP-r001:q005:d08,CP-AP-r001,16,west-east,W->J,True,False,preservation,True
CP-AP-r001:q005:d08,CP-AP-r001,16,west-east,E->J,False,True,preservation,True
CP-AP-r001:q005:d08,CP-AP-r001,16,west-east,W->E,False,False,preservation,True
CP-AP-r001:q005:d16,CP-AP-r001,64,west-east,A->J,False,False,unknown,False
CP-AP-r001:q005:d16,CP-AP-r001,64,west-east,A->W,False,True,unknown,False
CP-AP-r001:q005:d16,CP-AP-r001,64,west-east,A->E,True,False,unknown,False
CP-AP-r001:q005:d16,CP-AP-r001,64,west-east,W->J,True,False,unknown,False
CP-AP-r001:q005:d16,CP-AP-r001,64,west-east,E->J,False,True,unknown,False
CP-AP-r001:q005:d16,CP-AP-r001,64,west-east,W->E,False,False,unknown,False
CP-AP-r001:q005:d32,CP-AP-r001,128,west-east,A->J,False,False,unknown,False
CP-AP-r001:q005:d32,CP-AP-r001,128,west-east,A->W,False,True,unknown,False
CP-AP-r001:q005:d32,CP-AP-r001,128,west-east,A->E,True,False,unknown,False
CP-AP-r001:q005:d32,CP-AP-r001,128,west-east,W->J,True,False,unknown,False
CP-AP-r001:q005:d32,CP-AP-r001,128,west-east,E->J,False,True,unknown,False
CP-AP-r001:q005:d32,CP-AP-r001,128,west-east,W->E,False,False,unknown,False
CP-AP-r001:q006:d08,CP-AP-r001,16,east-east,A->J,False,False,preservation,True
CP-AP-r001:q006:d08,CP-AP-r001,16,east-east,A->W,True,True,preservation,True
CP-AP-r001:q006:d08,CP-AP-r001,16,east-east,A->E,False,False,preservation,True
CP-AP-r001:q006:d08,CP-AP-r001,16,east-east,W->J,False,False,preservation,True
CP-AP-r001:q006:d08,CP-AP-r001,16,east-east,E->J,True,True,preservation,True
CP-AP-r001:q006:d08,CP-AP-r001,16,east-east,W->E,False,False,preservation,True
CP-AP-r001:q006:d16,CP-AP-r001,64,east-east,A->J,False,False,unknown,False
CP-AP-r001:q006:d16,CP-AP-r001,64,east-east,A->W,True,True,unknown,False
CP-AP-r001:q006:d16,CP-AP-r001,64,east-east,A->E,False,False,unknown,False
CP-AP-r001:q006:d16,CP-AP-r001,64,east-east,W->J,False,False,unknown,False
CP-AP-r001:q006:d16,CP-AP-r001,64,east-east,E->J,True,True,unknown,False
CP-AP-r001:q006:d16,CP-AP-r001,64,east-east,W->E,False,False,unknown,False
CP-AP-r001:q006:d32,CP-AP-r001,128,east-east,A->J,False,False,unknown,False
CP-AP-r001:q006:d32,CP-AP-r001,128,east-east,A->W,True,True,unknown,False
CP-AP-r001:q006:d32,CP-AP-r001,128,east-east,A->E,False,False,unknown,False
CP-AP-r001:q006:d32,CP-AP-r001,128,east-east,W->J,False,False,unknown,False
CP-AP-r001:q006:d32,CP-AP-r001,128,east-east,E->J,True,True,unknown,False
CP-AP-r001:q006:d32,CP-AP-r001,128,east-east,W->E,False,False,unknown,False
CP-AP-r001:q007:d08,CP-AP-r001,16,east-east,A->J,False,False,preservation,True
CP-AP-r001:q007:d08,CP-AP-r001,16,east-east,A->W,True,True,preservation,True
CP-AP-r001:q007:d08,CP-AP-r001,16,east-east,A->E,False,False,preservation,True
CP-AP-r001:q007:d08,CP-AP-r001,16,east-east,W->J,False,False,preservation,True
CP-AP-r001:q007:d08,CP-AP-r001,16,east-east,E->J,True,True,preservation,True
CP-AP-r001:q007:d08,CP-AP-r001,16,east-east,W->E,False,False,preservation,True
CP-AP-r001:q007:d16,CP-AP-r001,64,east-east,A->J,False,False,unknown,False
CP-AP-r001:q007:d16,CP-AP-r001,64,east-east,A->W,True,True,unknown,False
CP-AP-r001:q007:d16,CP-AP-r001,64,east-east,A->E,False,False,unknown,False
CP-AP-r001:q007:d16,CP-AP-r001,64,east-east,W->J,False,False,unknown,False
CP-AP-r001:q007:d16,CP-AP-r001,64,east-east,E->J,True,True,unknown,False
CP-AP-r001:q007:d16,CP-AP-r001,64,east-east,W->E,False,False,unknown,False
CP-AP-r001:q007:d32,CP-AP-r001,128,east-east,A->J,False,False,unknown,False
CP-AP-r001:q007:d32,CP-AP-r001,128,east-east,A->W,True,True,unknown,False
CP-AP-r001:q007:d32,CP-AP-r001,128,east-east,A->E,False,False,unknown,False
CP-AP-r001:q007:d32,CP-AP-r001,128,east-east,W->J,False,False,unknown,False
CP-AP-r001:q007:d32,CP-AP-r001,128,east-east,E->J,True,True,unknown,False
CP-AP-r001:q007:d32,CP-AP-r001,128,east-east,W->E,False,False,unknown,False
CP-AP-r001:q008:d08,CP-AP-r001,16,east-east,A->J,False,False,preservation,True
CP-AP-r001:q008:d08,CP-AP-r001,16,east-east,A->W,True,True,preservation,True
CP-AP-r001:q008:d08,CP-AP-r001,16,east-east,A->E,False,False,preservation,True
CP-AP-r001:q008:d08,CP-AP-r001,16,east-east,W->J,False,False,preservation,True
CP-AP-r001:q008:d08,CP-AP-r001,16,east-east,E->J,True,True,preservation,True
CP-AP-r001:q008:d08,CP-AP-r001,16,east-east,W->E,False,False,preservation,True
CP-AP-r001:q008:d16,CP-AP-r001,64,east-east,A->J,False,False,unknown,False
CP-AP-r001:q008:d16,CP-AP-r001,64,east-east,A->W,True,True,unknown,False
CP-AP-r001:q008:d16,CP-AP-r001,64,east-east,A->E,False,False,unknown,False
CP-AP-r001:q008:d16,CP-AP-r001,64,east-east,W->J,False,False,unknown,False
CP-AP-r001:q008:d16,CP-AP-r001,64,east-east,E->J,True,True,unknown,False
CP-AP-r001:q008:d16,CP-AP-r001,64,east-east,W->E,False,False,unknown,False
CP-AP-r001:q008:d32,CP-AP-r001,128,east-east,A->J,False,False,unknown,False
CP-AP-r001:q008:d32,CP-AP-r001,128,east-east,A->W,True,True,unknown,False
CP-AP-r001:q008:d32,CP-AP-r001,128,east-east,A->E,False,False,unknown,False
CP-AP-r001:q008:d32,CP-AP-r001,128,east-east,W->J,False,False,unknown,False
CP-AP-r001:q008:d32,CP-AP-r001,128,east-east,E->J,True,True,unknown,False
CP-AP-r001:q008:d32,CP-AP-r001,128,east-east,W->E,False,False,unknown,False
CP-AP-r001:q009:d08,CP-AP-r001,16,west-west,A->J,False,False,reversal,True
CP-AP-r001:q009:d08,CP-AP-r001,16,west-west,A->W,False,False,reversal,True
CP-AP-r001:q009:d08,CP-AP-r001,16,west-west,A->E,True,True,preservation,True
CP-AP-r001:q009:d08,CP-AP-r001,16,west-west,W->J,True,True,preservation,True
CP-AP-r001:q009:d08,CP-AP-r001,16,west-west,E->J,False,False,reversal,True
CP-AP-r001:q009:d08,CP-AP-r001,16,west-west,W->E,False,False,reversal,True
CP-AP-r001:q009:d16,CP-AP-r001,64,west-west,A->J,False,False,unknown,False
CP-AP-r001:q009:d16,CP-AP-r001,64,west-west,A->W,False,False,unknown,False
CP-AP-r001:q009:d16,CP-AP-r001,64,west-west,A->E,True,True,unknown,False
CP-AP-r001:q009:d16,CP-AP-r001,64,west-west,W->J,True,True,reversal,True
CP-AP-r001:q009:d16,CP-AP-r001,64,west-west,E->J,False,False,unknown,False
CP-AP-r001:q009:d16,CP-AP-r001,64,west-west,W->E,False,False,unknown,False
CP-AP-r001:q009:d32,CP-AP-r001,128,west-west,A->J,False,False,unknown,False
CP-AP-r001:q009:d32,CP-AP-r001,128,west-west,A->W,False,False,unknown,False
CP-AP-r001:q009:d32,CP-AP-r001,128,west-west,A->E,True,True,unknown,False
CP-AP-r001:q009:d32,CP-AP-r001,128,west-west,W->J,True,True,unknown,False
CP-AP-r001:q009:d32,CP-AP-r001,128,west-west,E->J,False,False,unknown,False
CP-AP-r001:q009:d32,CP-AP-r001,128,west-west,W->E,False,False,unknown,False
CP-AU-r000:q000:d08,CP-AU-r000,16,west-west,A->J,False,False,preservation,True
CP-AU-r000:q000:d08,CP-AU-r000,16,west-west,A->W,False,False,preservation,True
CP-AU-r000:q000:d08,CP-AU-r000,16,west-west,A->E,True,True,preservation,True
CP-AU-r000:q000:d08,CP-AU-r000,16,west-west,W->J,True,True,preservation,True
CP-AU-r000:q000:d08,CP-AU-r000,16,west-west,E->J,False,False,preservation,True
CP-AU-r000:q000:d08,CP-AU-r000,16,west-west,W->E,False,False,preservation,True
CP-AU-r000:q000:d16,CP-AU-r000,64,west-west,A->J,False,False,unknown,False
CP-AU-r000:q000:d16,CP-AU-r000,64,west-west,A->W,False,False,unknown,False
CP-AU-r000:q000:d16,CP-AU-r000,64,west-west,A->E,True,True,unknown,False
CP-AU-r000:q000:d16,CP-AU-r000,64,west-west,W->J,True,True,preservation,True
CP-AU-r000:q000:d16,CP-AU-r000,64,west-west,E->J,False,False,unknown,False
CP-AU-r000:q000:d16,CP-AU-r000,64,west-west,W->E,False,False,unknown,False
CP-AU-r000:q000:d32,CP-AU-r000,128,west-west,A->J,False,False,unknown,False
CP-AU-r000:q000:d32,CP-AU-r000,128,west-west,A->W,False,False,unknown,False
CP-AU-r000:q000:d32,CP-AU-r000,128,west-west,A->E,True,True,unknown,False
CP-AU-r000:q000:d32,CP-AU-r000,128,west-west,W->J,True,True,unknown,False
CP-AU-r000:q000:d32,CP-AU-r000,128,west-west,E->J,False,False,unknown,False
CP-AU-r000:q000:d32,CP-AU-r000,128,west-west,W->E,False,False,unknown,False
CP-AU-r000:q001:d08,CP-AU-r000,16,west-west,A->J,False,False,preservation,True
CP-AU-r000:q001:d08,CP-AU-r000,16,west-west,A->W,False,False,preservation,True
CP-AU-r000:q001:d08,CP-AU-r000,16,west-west,A->E,True,True,preservation,True
CP-AU-r000:q001:d08,CP-AU-r000,16,west-west,W->J,True,True,preservation,True
CP-AU-r000:q001:d08,CP-AU-r000,16,west-west,E->J,False,False,preservation,True
CP-AU-r000:q001:d08,CP-AU-r000,16,west-west,W->E,False,False,preservation,True
CP-AU-r000:q001:d16,CP-AU-r000,64,west-west,A->J,False,False,unknown,False
CP-AU-r000:q001:d16,CP-AU-r000,64,west-west,A->W,False,False,unknown,False
CP-AU-r000:q001:d16,CP-AU-r000,64,west-west,A->E,True,True,unknown,False
CP-AU-r000:q001:d16,CP-AU-r000,64,west-west,W->J,True,True,preservation,True
CP-AU-r000:q001:d16,CP-AU-r000,64,west-west,E->J,False,False,unknown,False
CP-AU-r000:q001:d16,CP-AU-r000,64,west-west,W->E,False,False,unknown,False
CP-AU-r000:q001:d32,CP-AU-r000,128,west-west,A->J,False,False,unknown,False
CP-AU-r000:q001:d32,CP-AU-r000,128,west-west,A->W,False,False,unknown,False
CP-AU-r000:q001:d32,CP-AU-r000,128,west-west,A->E,True,True,unknown,False
CP-AU-r000:q001:d32,CP-AU-r000,128,west-west,W->J,True,True,unknown,False
CP-AU-r000:q001:d32,CP-AU-r000,128,west-west,E->J,False,False,unknown,False
CP-AU-r000:q001:d32,CP-AU-r000,128,west-west,W->E,False,False,unknown,False
CP-AU-r000:q002:d08,CP-AU-r000,16,west-west,A->J,False,False,reversal,True
CP-AU-r000:q002:d08,CP-AU-r000,16,west-west,A->W,False,False,reversal,True
CP-AU-r000:q002:d08,CP-AU-r000,16,west-west,A->E,True,True,preservation,True
CP-AU-r000:q002:d08,CP-AU-r000,16,west-west,W->J,True,True,preservation,True
CP-AU-r000:q002:d08,CP-AU-r000,16,west-west,E->J,False,False,reversal,True
CP-AU-r000:q002:d08,CP-AU-r000,16,west-west,W->E,False,False,reversal,True
CP-AU-r000:q002:d16,CP-AU-r000,64,west-west,A->J,False,False,unknown,False
CP-AU-r000:q002:d16,CP-AU-r000,64,west-west,A->W,False,False,unknown,False
CP-AU-r000:q002:d16,CP-AU-r000,64,west-west,A->E,True,True,unknown,False
CP-AU-r000:q002:d16,CP-AU-r000,64,west-west,W->J,True,True,preservation,True
CP-AU-r000:q002:d16,CP-AU-r000,64,west-west,E->J,False,False,unknown,False
CP-AU-r000:q002:d16,CP-AU-r000,64,west-west,W->E,False,False,unknown,False
CP-AU-r000:q002:d32,CP-AU-r000,128,west-west,A->J,False,False,unknown,False
CP-AU-r000:q002:d32,CP-AU-r000,128,west-west,A->W,False,False,unknown,False
CP-AU-r000:q002:d32,CP-AU-r000,128,west-west,A->E,True,True,unknown,False
CP-AU-r000:q002:d32,CP-AU-r000,128,west-west,W->J,True,True,unknown,False
CP-AU-r000:q002:d32,CP-AU-r000,128,west-west,E->J,False,False,unknown,False
CP-AU-r000:q002:d32,CP-AU-r000,128,west-west,W->E,False,False,unknown,False
CP-AU-r000:q003:d08,CP-AU-r000,16,west-west,A->J,False,False,preservation,True
CP-AU-r000:q003:d08,CP-AU-r000,16,west-west,A->W,False,False,preservation,True
CP-AU-r000:q003:d08,CP-AU-r000,16,west-west,A->E,True,True,preservation,True
CP-AU-r000:q003:d08,CP-AU-r000,16,west-west,W->J,True,True,preservation,True
CP-AU-r000:q003:d08,CP-AU-r000,16,west-west,E->J,False,False,preservation,True
CP-AU-r000:q003:d08,CP-AU-r000,16,west-west,W->E,False,False,preservation,True
CP-AU-r000:q003:d16,CP-AU-r000,64,west-west,A->J,False,False,unknown,False
CP-AU-r000:q003:d16,CP-AU-r000,64,west-west,A->W,False,False,unknown,False
CP-AU-r000:q003:d16,CP-AU-r000,64,west-west,A->E,True,True,unknown,False
CP-AU-r000:q003:d16,CP-AU-r000,64,west-west,W->J,True,True,preservation,True
CP-AU-r000:q003:d16,CP-AU-r000,64,west-west,E->J,False,False,unknown,False
CP-AU-r000:q003:d16,CP-AU-r000,64,west-west,W->E,False,False,unknown,False
CP-AU-r000:q003:d32,CP-AU-r000,128,west-west,A->J,False,False,unknown,False
CP-AU-r000:q003:d32,CP-AU-r000,128,west-west,A->W,False,False,unknown,False
CP-AU-r000:q003:d32,CP-AU-r000,128,west-west,A->E,True,True,unknown,False
CP-AU-r000:q003:d32,CP-AU-r000,128,west-west,W->J,True,True,unknown,False
CP-AU-r000:q003:d32,CP-AU-r000,128,west-west,E->J,False,False,unknown,False
CP-AU-r000:q003:d32,CP-AU-r000,128,west-west,W->E,False,False,unknown,False
CP-AU-r000:q004:d08,CP-AU-r000,16,east-east,A->J,False,False,preservation,True
CP-AU-r000:q004:d08,CP-AU-r000,16,east-east,A->W,True,True,preservation,True
CP-AU-r000:q004:d08,CP-AU-r000,16,east-east,A->E,False,False,preservation,True
CP-AU-r000:q004:d08,CP-AU-r000,16,east-east,W->J,False,False,preservation,True
CP-AU-r000:q004:d08,CP-AU-r000,16,east-east,E->J,True,True,preservation,True
CP-AU-r000:q004:d08,CP-AU-r000,16,east-east,W->E,False,False,preservation,True
CP-AU-r000:q004:d16,CP-AU-r000,64,east-east,A->J,False,False,unknown,False
CP-AU-r000:q004:d16,CP-AU-r000,64,east-east,A->W,True,True,unknown,False
CP-AU-r000:q004:d16,CP-AU-r000,64,east-east,A->E,False,False,unknown,False
CP-AU-r000:q004:d16,CP-AU-r000,64,east-east,W->J,False,False,unknown,False
CP-AU-r000:q004:d16,CP-AU-r000,64,east-east,E->J,True,True,unknown,False
CP-AU-r000:q004:d16,CP-AU-r000,64,east-east,W->E,False,False,unknown,False
CP-AU-r000:q004:d32,CP-AU-r000,128,east-east,A->J,False,False,unknown,False
CP-AU-r000:q004:d32,CP-AU-r000,128,east-east,A->W,True,True,unknown,False
CP-AU-r000:q004:d32,CP-AU-r000,128,east-east,A->E,False,False,unknown,False
CP-AU-r000:q004:d32,CP-AU-r000,128,east-east,W->J,False,False,unknown,False
CP-AU-r000:q004:d32,CP-AU-r000,128,east-east,E->J,True,True,unknown,False
CP-AU-r000:q004:d32,CP-AU-r000,128,east-east,W->E,False,False,unknown,False
CP-AU-r000:q005:d08,CP-AU-r000,16,east-east,A->J,False,False,preservation,True
CP-AU-r000:q005:d08,CP-AU-r000,16,east-east,A->W,True,True,preservation,True
CP-AU-r000:q005:d08,CP-AU-r000,16,east-east,A->E,False,False,preservation,True
CP-AU-r000:q005:d08,CP-AU-r000,16,east-east,W->J,False,False,preservation,True
CP-AU-r000:q005:d08,CP-AU-r000,16,east-east,E->J,True,True,preservation,True
CP-AU-r000:q005:d08,CP-AU-r000,16,east-east,W->E,False,False,preservation,True
CP-AU-r000:q005:d16,CP-AU-r000,64,east-east,A->J,False,False,unknown,False
CP-AU-r000:q005:d16,CP-AU-r000,64,east-east,A->W,True,True,unknown,False
CP-AU-r000:q005:d16,CP-AU-r000,64,east-east,A->E,False,False,unknown,False
CP-AU-r000:q005:d16,CP-AU-r000,64,east-east,W->J,False,False,unknown,False
CP-AU-r000:q005:d16,CP-AU-r000,64,east-east,E->J,True,True,unknown,False
CP-AU-r000:q005:d16,CP-AU-r000,64,east-east,W->E,False,False,unknown,False
CP-AU-r000:q005:d32,CP-AU-r000,128,east-east,A->J,False,False,unknown,False
CP-AU-r000:q005:d32,CP-AU-r000,128,east-east,A->W,True,True,unknown,False
CP-AU-r000:q005:d32,CP-AU-r000,128,east-east,A->E,False,False,unknown,False
CP-AU-r000:q005:d32,CP-AU-r000,128,east-east,W->J,False,False,unknown,False
CP-AU-r000:q005:d32,CP-AU-r000,128,east-east,E->J,True,True,unknown,False
CP-AU-r000:q005:d32,CP-AU-r000,128,east-east,W->E,False,False,unknown,False
CP-AU-r000:q006:d08,CP-AU-r000,16,west-west,A->J,False,False,preservation,True
CP-AU-r000:q006:d08,CP-AU-r000,16,west-west,A->W,False,False,preservation,True
CP-AU-r000:q006:d08,CP-AU-r000,16,west-west,A->E,True,True,preservation,True
CP-AU-r000:q006:d08,CP-AU-r000,16,west-west,W->J,True,True,preservation,True
CP-AU-r000:q006:d08,CP-AU-r000,16,west-west,E->J,False,False,preservation,True
CP-AU-r000:q006:d08,CP-AU-r000,16,west-west,W->E,False,False,preservation,True
CP-AU-r000:q006:d16,CP-AU-r000,64,west-west,A->J,False,False,unknown,False
CP-AU-r000:q006:d16,CP-AU-r000,64,west-west,A->W,False,False,unknown,False
CP-AU-r000:q006:d16,CP-AU-r000,64,west-west,A->E,True,True,unknown,False
CP-AU-r000:q006:d16,CP-AU-r000,64,west-west,W->J,True,True,preservation,True
CP-AU-r000:q006:d16,CP-AU-r000,64,west-west,E->J,False,False,unknown,False
CP-AU-r000:q006:d16,CP-AU-r000,64,west-west,W->E,False,False,unknown,False
CP-AU-r000:q006:d32,CP-AU-r000,128,west-west,A->J,False,False,unknown,False
CP-AU-r000:q006:d32,CP-AU-r000,128,west-west,A->W,False,False,unknown,False
CP-AU-r000:q006:d32,CP-AU-r000,128,west-west,A->E,True,True,unknown,False
CP-AU-r000:q006:d32,CP-AU-r000,128,west-west,W->J,True,True,unknown,False
CP-AU-r000:q006:d32,CP-AU-r000,128,west-west,E->J,False,False,unknown,False
CP-AU-r000:q006:d32,CP-AU-r000,128,west-west,W->E,False,False,unknown,False
CP-AU-r000:q007:d08,CP-AU-r000,16,west-west,A->J,False,False,preservation,True
CP-AU-r000:q007:d08,CP-AU-r000,16,west-west,A->W,False,False,preservation,True
CP-AU-r000:q007:d08,CP-AU-r000,16,west-west,A->E,True,True,preservation,True
CP-AU-r000:q007:d08,CP-AU-r000,16,west-west,W->J,True,True,preservation,True
CP-AU-r000:q007:d08,CP-AU-r000,16,west-west,E->J,False,False,preservation,True
CP-AU-r000:q007:d08,CP-AU-r000,16,west-west,W->E,False,False,preservation,True
CP-AU-r000:q007:d16,CP-AU-r000,64,west-west,A->J,False,False,unknown,False
CP-AU-r000:q007:d16,CP-AU-r000,64,west-west,A->W,False,False,unknown,False
CP-AU-r000:q007:d16,CP-AU-r000,64,west-west,A->E,True,True,unknown,False
CP-AU-r000:q007:d16,CP-AU-r000,64,west-west,W->J,True,True,preservation,True
CP-AU-r000:q007:d16,CP-AU-r000,64,west-west,E->J,False,False,unknown,False
CP-AU-r000:q007:d16,CP-AU-r000,64,west-west,W->E,False,False,unknown,False
CP-AU-r000:q007:d32,CP-AU-r000,128,west-west,A->J,False,False,unknown,False
CP-AU-r000:q007:d32,CP-AU-r000,128,west-west,A->W,False,False,unknown,False
CP-AU-r000:q007:d32,CP-AU-r000,128,west-west,A->E,True,True,unknown,False
CP-AU-r000:q007:d32,CP-AU-r000,128,west-west,W->J,True,True,unknown,False
CP-AU-r000:q007:d32,CP-AU-r000,128,west-west,E->J,False,False,unknown,False
CP-AU-r000:q007:d32,CP-AU-r000,128,west-west,W->E,False,False,unknown,False
CP-AU-r000:q008:d08,CP-AU-r000,16,east-east,A->J,False,False,preservation,True
CP-AU-r000:q008:d08,CP-AU-r000,16,east-east,A->W,True,True,preservation,True
CP-AU-r000:q008:d08,CP-AU-r000,16,east-east,A->E,False,False,preservation,True
CP-AU-r000:q008:d08,CP-AU-r000,16,east-east,W->J,False,False,preservation,True
CP-AU-r000:q008:d08,CP-AU-r000,16,east-east,E->J,True,True,preservation,True
CP-AU-r000:q008:d08,CP-AU-r000,16,east-east,W->E,False,False,preservation,True
CP-AU-r000:q008:d16,CP-AU-r000,64,east-east,A->J,False,False,unknown,False
CP-AU-r000:q008:d16,CP-AU-r000,64,east-east,A->W,True,True,unknown,False
CP-AU-r000:q008:d16,CP-AU-r000,64,east-east,A->E,False,False,unknown,False
CP-AU-r000:q008:d16,CP-AU-r000,64,east-east,W->J,False,False,preservation,True
CP-AU-r000:q008:d16,CP-AU-r000,64,east-east,E->J,True,True,reversal,True
CP-AU-r000:q008:d16,CP-AU-r000,64,east-east,W->E,False,False,reversal,True
CP-AU-r000:q008:d32,CP-AU-r000,128,east-east,A->J,False,False,unknown,False
CP-AU-r000:q008:d32,CP-AU-r000,128,east-east,A->W,True,True,unknown,False
CP-AU-r000:q008:d32,CP-AU-r000,128,east-east,A->E,False,False,unknown,False
CP-AU-r000:q008:d32,CP-AU-r000,128,east-east,W->J,False,False,unknown,False
CP-AU-r000:q008:d32,CP-AU-r000,128,east-east,E->J,True,True,unknown,False
CP-AU-r000:q008:d32,CP-AU-r000,128,east-east,W->E,False,False,unknown,False
CP-AU-r000:q009:d08,CP-AU-r000,16,east-east,A->J,False,False,preservation,True
CP-AU-r000:q009:d08,CP-AU-r000,16,east-east,A->W,True,True,preservation,True
CP-AU-r000:q009:d08,CP-AU-r000,16,east-east,A->E,False,False,preservation,True
CP-AU-r000:q009:d08,CP-AU-r000,16,east-east,W->J,False,False,preservation,True
CP-AU-r000:q009:d08,CP-AU-r000,16,east-east,E->J,True,True,preservation,True
CP-AU-r000:q009:d08,CP-AU-r000,16,east-east,W->E,False,False,preservation,True
CP-AU-r000:q009:d16,CP-AU-r000,64,east-east,A->J,False,False,unknown,False
CP-AU-r000:q009:d16,CP-AU-r000,64,east-east,A->W,True,True,unknown,False
CP-AU-r000:q009:d16,CP-AU-r000,64,east-east,A->E,False,False,unknown,False
CP-AU-r000:q009:d16,CP-AU-r000,64,east-east,W->J,False,False,preservation,True
CP-AU-r000:q009:d16,CP-AU-r000,64,east-east,E->J,True,True,reversal,True
CP-AU-r000:q009:d16,CP-AU-r000,64,east-east,W->E,False,False,reversal,True
CP-AU-r000:q009:d32,CP-AU-r000,128,east-east,A->J,False,False,unknown,False
CP-AU-r000:q009:d32,CP-AU-r000,128,east-east,A->W,True,True,unknown,False
CP-AU-r000:q009:d32,CP-AU-r000,128,east-east,A->E,False,False,unknown,False
CP-AU-r000:q009:d32,CP-AU-r000,128,east-east,W->J,False,False,unknown,False
CP-AU-r000:q009:d32,CP-AU-r000,128,east-east,E->J,True,True,unknown,False
CP-AU-r000:q009:d32,CP-AU-r000,128,east-east,W->E,False,False,unknown,False
CP-AU-r001:q000:d08,CP-AU-r001,16,west-west,A->J,False,False,preservation,True
CP-AU-r001:q000:d08,CP-AU-r001,16,west-west,A->W,False,False,preservation,True
CP-AU-r001:q000:d08,CP-AU-r001,16,west-west,A->E,True,True,preservation,True
CP-AU-r001:q000:d08,CP-AU-r001,16,west-west,W->J,True,True,preservation,True
CP-AU-r001:q000:d08,CP-AU-r001,16,west-west,E->J,False,False,preservation,True
CP-AU-r001:q000:d08,CP-AU-r001,16,west-west,W->E,False,False,preservation,True
CP-AU-r001:q000:d16,CP-AU-r001,64,west-west,A->J,False,False,unknown,False
CP-AU-r001:q000:d16,CP-AU-r001,64,west-west,A->W,False,False,unknown,False
CP-AU-r001:q000:d16,CP-AU-r001,64,west-west,A->E,True,True,unknown,False
CP-AU-r001:q000:d16,CP-AU-r001,64,west-west,W->J,True,True,unknown,False
CP-AU-r001:q000:d16,CP-AU-r001,64,west-west,E->J,False,False,unknown,False
CP-AU-r001:q000:d16,CP-AU-r001,64,west-west,W->E,False,False,unknown,False
CP-AU-r001:q000:d32,CP-AU-r001,128,west-west,A->J,False,False,unknown,False
CP-AU-r001:q000:d32,CP-AU-r001,128,west-west,A->W,False,False,unknown,False
CP-AU-r001:q000:d32,CP-AU-r001,128,west-west,A->E,True,True,unknown,False
CP-AU-r001:q000:d32,CP-AU-r001,128,west-west,W->J,True,True,unknown,False
CP-AU-r001:q000:d32,CP-AU-r001,128,west-west,E->J,False,False,unknown,False
CP-AU-r001:q000:d32,CP-AU-r001,128,west-west,W->E,False,False,unknown,False
CP-AU-r001:q001:d08,CP-AU-r001,16,west-west,A->J,False,False,preservation,True
CP-AU-r001:q001:d08,CP-AU-r001,16,west-west,A->W,False,False,preservation,True
CP-AU-r001:q001:d08,CP-AU-r001,16,west-west,A->E,True,True,preservation,True
CP-AU-r001:q001:d08,CP-AU-r001,16,west-west,W->J,True,True,preservation,True
CP-AU-r001:q001:d08,CP-AU-r001,16,west-west,E->J,False,False,preservation,True
CP-AU-r001:q001:d08,CP-AU-r001,16,west-west,W->E,False,False,preservation,True
CP-AU-r001:q001:d16,CP-AU-r001,64,west-west,A->J,False,False,unknown,False
CP-AU-r001:q001:d16,CP-AU-r001,64,west-west,A->W,False,False,unknown,False
CP-AU-r001:q001:d16,CP-AU-r001,64,west-west,A->E,True,True,unknown,False
CP-AU-r001:q001:d16,CP-AU-r001,64,west-west,W->J,True,True,unknown,False
CP-AU-r001:q001:d16,CP-AU-r001,64,west-west,E->J,False,False,unknown,False
CP-AU-r001:q001:d16,CP-AU-r001,64,west-west,W->E,False,False,unknown,False
CP-AU-r001:q001:d32,CP-AU-r001,128,west-west,A->J,False,False,unknown,False
CP-AU-r001:q001:d32,CP-AU-r001,128,west-west,A->W,False,False,unknown,False
CP-AU-r001:q001:d32,CP-AU-r001,128,west-west,A->E,True,True,unknown,False
CP-AU-r001:q001:d32,CP-AU-r001,128,west-west,W->J,True,True,unknown,False
CP-AU-r001:q001:d32,CP-AU-r001,128,west-west,E->J,False,False,unknown,False
CP-AU-r001:q001:d32,CP-AU-r001,128,west-west,W->E,False,False,unknown,False
CP-AU-r001:q002:d08,CP-AU-r001,16,west-west,A->J,False,False,preservation,True
CP-AU-r001:q002:d08,CP-AU-r001,16,west-west,A->W,False,False,preservation,True
CP-AU-r001:q002:d08,CP-AU-r001,16,west-west,A->E,True,True,preservation,True
CP-AU-r001:q002:d08,CP-AU-r001,16,west-west,W->J,True,True,preservation,True
CP-AU-r001:q002:d08,CP-AU-r001,16,west-west,E->J,False,False,preservation,True
CP-AU-r001:q002:d08,CP-AU-r001,16,west-west,W->E,False,False,preservation,True
CP-AU-r001:q002:d16,CP-AU-r001,64,west-west,A->J,False,False,unknown,False
CP-AU-r001:q002:d16,CP-AU-r001,64,west-west,A->W,False,False,unknown,False
CP-AU-r001:q002:d16,CP-AU-r001,64,west-west,A->E,True,True,unknown,False
CP-AU-r001:q002:d16,CP-AU-r001,64,west-west,W->J,True,True,unknown,False
CP-AU-r001:q002:d16,CP-AU-r001,64,west-west,E->J,False,False,preservation,True
CP-AU-r001:q002:d16,CP-AU-r001,64,west-west,W->E,False,False,unknown,False
CP-AU-r001:q002:d32,CP-AU-r001,128,west-west,A->J,False,False,unknown,False
CP-AU-r001:q002:d32,CP-AU-r001,128,west-west,A->W,False,False,unknown,False
CP-AU-r001:q002:d32,CP-AU-r001,128,west-west,A->E,True,True,unknown,False
CP-AU-r001:q002:d32,CP-AU-r001,128,west-west,W->J,True,True,unknown,False
CP-AU-r001:q002:d32,CP-AU-r001,128,west-west,E->J,False,False,unknown,False
CP-AU-r001:q002:d32,CP-AU-r001,128,west-west,W->E,False,False,unknown,False
CP-AU-r001:q003:d08,CP-AU-r001,16,west-west,A->J,False,False,preservation,True
CP-AU-r001:q003:d08,CP-AU-r001,16,west-west,A->W,False,False,preservation,True
CP-AU-r001:q003:d08,CP-AU-r001,16,west-west,A->E,True,True,preservation,True
CP-AU-r001:q003:d08,CP-AU-r001,16,west-west,W->J,True,True,preservation,True
CP-AU-r001:q003:d08,CP-AU-r001,16,west-west,E->J,False,False,preservation,True
CP-AU-r001:q003:d08,CP-AU-r001,16,west-west,W->E,False,False,preservation,True
CP-AU-r001:q003:d16,CP-AU-r001,64,west-west,A->J,False,False,unknown,False
CP-AU-r001:q003:d16,CP-AU-r001,64,west-west,A->W,False,False,unknown,False
CP-AU-r001:q003:d16,CP-AU-r001,64,west-west,A->E,True,True,unknown,False
CP-AU-r001:q003:d16,CP-AU-r001,64,west-west,W->J,True,True,unknown,False
CP-AU-r001:q003:d16,CP-AU-r001,64,west-west,E->J,False,False,preservation,True
CP-AU-r001:q003:d16,CP-AU-r001,64,west-west,W->E,False,False,unknown,False
CP-AU-r001:q003:d32,CP-AU-r001,128,west-west,A->J,False,False,unknown,False
CP-AU-r001:q003:d32,CP-AU-r001,128,west-west,A->W,False,False,unknown,False
CP-AU-r001:q003:d32,CP-AU-r001,128,west-west,A->E,True,True,unknown,False
CP-AU-r001:q003:d32,CP-AU-r001,128,west-west,W->J,True,True,unknown,False
CP-AU-r001:q003:d32,CP-AU-r001,128,west-west,E->J,False,False,unknown,False
CP-AU-r001:q003:d32,CP-AU-r001,128,west-west,W->E,False,False,unknown,False
CP-AU-r001:q004:d08,CP-AU-r001,16,west-west,A->J,False,False,preservation,True
CP-AU-r001:q004:d08,CP-AU-r001,16,west-west,A->W,False,False,preservation,True
CP-AU-r001:q004:d08,CP-AU-r001,16,west-west,A->E,True,True,preservation,True
CP-AU-r001:q004:d08,CP-AU-r001,16,west-west,W->J,True,True,preservation,True
CP-AU-r001:q004:d08,CP-AU-r001,16,west-west,E->J,False,False,preservation,True
CP-AU-r001:q004:d08,CP-AU-r001,16,west-west,W->E,False,False,preservation,True
CP-AU-r001:q004:d16,CP-AU-r001,64,west-west,A->J,False,False,unknown,False
CP-AU-r001:q004:d16,CP-AU-r001,64,west-west,A->W,False,False,unknown,False
CP-AU-r001:q004:d16,CP-AU-r001,64,west-west,A->E,True,True,unknown,False
CP-AU-r001:q004:d16,CP-AU-r001,64,west-west,W->J,True,True,unknown,False
CP-AU-r001:q004:d16,CP-AU-r001,64,west-west,E->J,False,False,unknown,False
CP-AU-r001:q004:d16,CP-AU-r001,64,west-west,W->E,False,False,unknown,False
CP-AU-r001:q004:d32,CP-AU-r001,128,west-west,A->J,False,False,unknown,False
CP-AU-r001:q004:d32,CP-AU-r001,128,west-west,A->W,False,False,unknown,False
CP-AU-r001:q004:d32,CP-AU-r001,128,west-west,A->E,True,True,unknown,False
CP-AU-r001:q004:d32,CP-AU-r001,128,west-west,W->J,True,True,unknown,False
CP-AU-r001:q004:d32,CP-AU-r001,128,west-west,E->J,False,False,unknown,False
CP-AU-r001:q004:d32,CP-AU-r001,128,west-west,W->E,False,False,unknown,False
CP-AU-r001:q005:d08,CP-AU-r001,16,west-west,A->J,False,False,reversal,True
CP-AU-r001:q005:d08,CP-AU-r001,16,west-west,A->W,False,False,reversal,True
CP-AU-r001:q005:d08,CP-AU-r001,16,west-west,A->E,True,True,preservation,True
CP-AU-r001:q005:d08,CP-AU-r001,16,west-west,W->J,True,True,preservation,True
CP-AU-r001:q005:d08,CP-AU-r001,16,west-west,E->J,False,False,reversal,True
CP-AU-r001:q005:d08,CP-AU-r001,16,west-west,W->E,False,False,reversal,True
CP-AU-r001:q005:d16,CP-AU-r001,64,west-west,A->J,False,False,unknown,False
CP-AU-r001:q005:d16,CP-AU-r001,64,west-west,A->W,False,False,unknown,False
CP-AU-r001:q005:d16,CP-AU-r001,64,west-west,A->E,True,True,unknown,False
CP-AU-r001:q005:d16,CP-AU-r001,64,west-west,W->J,True,True,preservation,True
CP-AU-r001:q005:d16,CP-AU-r001,64,west-west,E->J,False,False,preservation,True
CP-AU-r001:q005:d16,CP-AU-r001,64,west-west,W->E,False,False,preservation,True
CP-AU-r001:q005:d32,CP-AU-r001,128,west-west,A->J,False,False,unknown,False
CP-AU-r001:q005:d32,CP-AU-r001,128,west-west,A->W,False,False,unknown,False
CP-AU-r001:q005:d32,CP-AU-r001,128,west-west,A->E,True,True,unknown,False
CP-AU-r001:q005:d32,CP-AU-r001,128,west-west,W->J,True,True,unknown,False
CP-AU-r001:q005:d32,CP-AU-r001,128,west-west,E->J,False,False,unknown,False
CP-AU-r001:q005:d32,CP-AU-r001,128,west-west,W->E,False,False,unknown,False
CP-AU-r001:q006:d08,CP-AU-r001,16,west-west,A->J,False,False,reversal,True
CP-AU-r001:q006:d08,CP-AU-r001,16,west-west,A->W,False,False,reversal,True
CP-AU-r001:q006:d08,CP-AU-r001,16,west-west,A->E,True,True,preservation,True
CP-AU-r001:q006:d08,CP-AU-r001,16,west-west,W->J,True,True,preservation,True
CP-AU-r001:q006:d08,CP-AU-r001,16,west-west,E->J,False,False,reversal,True
CP-AU-r001:q006:d08,CP-AU-r001,16,west-west,W->E,False,False,reversal,True
CP-AU-r001:q006:d16,CP-AU-r001,64,west-west,A->J,False,False,unknown,False
CP-AU-r001:q006:d16,CP-AU-r001,64,west-west,A->W,False,False,unknown,False
CP-AU-r001:q006:d16,CP-AU-r001,64,west-west,A->E,True,True,unknown,False
CP-AU-r001:q006:d16,CP-AU-r001,64,west-west,W->J,True,True,preservation,True
CP-AU-r001:q006:d16,CP-AU-r001,64,west-west,E->J,False,False,preservation,True
CP-AU-r001:q006:d16,CP-AU-r001,64,west-west,W->E,False,False,preservation,True
CP-AU-r001:q006:d32,CP-AU-r001,128,west-west,A->J,False,False,unknown,False
CP-AU-r001:q006:d32,CP-AU-r001,128,west-west,A->W,False,False,unknown,False
CP-AU-r001:q006:d32,CP-AU-r001,128,west-west,A->E,True,True,unknown,False
CP-AU-r001:q006:d32,CP-AU-r001,128,west-west,W->J,True,True,unknown,False
CP-AU-r001:q006:d32,CP-AU-r001,128,west-west,E->J,False,False,unknown,False
CP-AU-r001:q006:d32,CP-AU-r001,128,west-west,W->E,False,False,unknown,False
CP-AU-r001:q007:d08,CP-AU-r001,16,west-west,A->J,False,False,preservation,True
CP-AU-r001:q007:d08,CP-AU-r001,16,west-west,A->W,False,False,preservation,True
CP-AU-r001:q007:d08,CP-AU-r001,16,west-west,A->E,True,True,preservation,True
CP-AU-r001:q007:d08,CP-AU-r001,16,west-west,W->J,True,True,preservation,True
CP-AU-r001:q007:d08,CP-AU-r001,16,west-west,E->J,False,False,preservation,True
CP-AU-r001:q007:d08,CP-AU-r001,16,west-west,W->E,False,False,preservation,True
CP-AU-r001:q007:d16,CP-AU-r001,64,west-west,A->J,False,False,unknown,False
CP-AU-r001:q007:d16,CP-AU-r001,64,west-west,A->W,False,False,unknown,False
CP-AU-r001:q007:d16,CP-AU-r001,64,west-west,A->E,True,True,unknown,False
CP-AU-r001:q007:d16,CP-AU-r001,64,west-west,W->J,True,True,preservation,True
CP-AU-r001:q007:d16,CP-AU-r001,64,west-west,E->J,False,False,unknown,False
CP-AU-r001:q007:d16,CP-AU-r001,64,west-west,W->E,False,False,unknown,False
CP-AU-r001:q007:d32,CP-AU-r001,128,west-west,A->J,False,False,unknown,False
CP-AU-r001:q007:d32,CP-AU-r001,128,west-west,A->W,False,False,unknown,False
CP-AU-r001:q007:d32,CP-AU-r001,128,west-west,A->E,True,True,unknown,False
CP-AU-r001:q007:d32,CP-AU-r001,128,west-west,W->J,True,True,unknown,False
CP-AU-r001:q007:d32,CP-AU-r001,128,west-west,E->J,False,False,unknown,False
CP-AU-r001:q007:d32,CP-AU-r001,128,west-west,W->E,False,False,unknown,False
CP-AU-r001:q008:d08,CP-AU-r001,16,west-west,A->J,False,False,preservation,True
CP-AU-r001:q008:d08,CP-AU-r001,16,west-west,A->W,False,False,preservation,True
CP-AU-r001:q008:d08,CP-AU-r001,16,west-west,A->E,True,True,preservation,True
CP-AU-r001:q008:d08,CP-AU-r001,16,west-west,W->J,True,True,preservation,True
CP-AU-r001:q008:d08,CP-AU-r001,16,west-west,E->J,False,False,preservation,True
CP-AU-r001:q008:d08,CP-AU-r001,16,west-west,W->E,False,False,preservation,True
CP-AU-r001:q008:d16,CP-AU-r001,64,west-west,A->J,False,False,unknown,False
CP-AU-r001:q008:d16,CP-AU-r001,64,west-west,A->W,False,False,unknown,False
CP-AU-r001:q008:d16,CP-AU-r001,64,west-west,A->E,True,True,unknown,False
CP-AU-r001:q008:d16,CP-AU-r001,64,west-west,W->J,True,True,preservation,True
CP-AU-r001:q008:d16,CP-AU-r001,64,west-west,E->J,False,False,unknown,False
CP-AU-r001:q008:d16,CP-AU-r001,64,west-west,W->E,False,False,unknown,False
CP-AU-r001:q008:d32,CP-AU-r001,128,west-west,A->J,False,False,unknown,False
CP-AU-r001:q008:d32,CP-AU-r001,128,west-west,A->W,False,False,unknown,False
CP-AU-r001:q008:d32,CP-AU-r001,128,west-west,A->E,True,True,unknown,False
CP-AU-r001:q008:d32,CP-AU-r001,128,west-west,W->J,True,True,unknown,False
CP-AU-r001:q008:d32,CP-AU-r001,128,west-west,E->J,False,False,unknown,False
CP-AU-r001:q008:d32,CP-AU-r001,128,west-west,W->E,False,False,unknown,False
CP-AU-r001:q009:d08,CP-AU-r001,16,west-west,A->J,False,False,preservation,True
CP-AU-r001:q009:d08,CP-AU-r001,16,west-west,A->W,False,False,preservation,True
CP-AU-r001:q009:d08,CP-AU-r001,16,west-west,A->E,True,True,preservation,True
CP-AU-r001:q009:d08,CP-AU-r001,16,west-west,W->J,True,True,preservation,True
CP-AU-r001:q009:d08,CP-AU-r001,16,west-west,E->J,False,False,preservation,True
CP-AU-r001:q009:d08,CP-AU-r001,16,west-west,W->E,False,False,preservation,True
CP-AU-r001:q009:d16,CP-AU-r001,64,west-west,A->J,False,False,unknown,False
CP-AU-r001:q009:d16,CP-AU-r001,64,west-west,A->W,False,False,unknown,False
CP-AU-r001:q009:d16,CP-AU-r001,64,west-west,A->E,True,True,unknown,False
CP-AU-r001:q009:d16,CP-AU-r001,64,west-west,W->J,True,True,preservation,True
CP-AU-r001:q009:d16,CP-AU-r001,64,west-west,E->J,False,False,unknown,False
CP-AU-r001:q009:d16,CP-AU-r001,64,west-west,W->E,False,False,unknown,False
CP-AU-r001:q009:d32,CP-AU-r001,128,west-west,A->J,False,False,unknown,False
CP-AU-r001:q009:d32,CP-AU-r001,128,west-west,A->W,False,False,unknown,False
CP-AU-r001:q009:d32,CP-AU-r001,128,west-west,A->E,True,True,unknown,False
CP-AU-r001:q009:d32,CP-AU-r001,128,west-west,W->J,True,True,unknown,False
CP-AU-r001:q009:d32,CP-AU-r001,128,west-west,E->J,False,False,unknown,False
CP-AU-r001:q009:d32,CP-AU-r001,128,west-west,W->E,False,False,unknown,False
