interface,stratum,value,head,states,total_operation_proxy,total_wall_seconds,exact_states,search_nodes,root_pruned,pivot_count,priority_read_states,strict_fit,strict_denominator,negative_raw_gain,guard_accepted
BB,all,all,degree,480,101802360,127.92126241326332,174,636446,4,320841,476,,,,
BB,all,all,existing_frozen,480,958495168,752.8591040372849,163,640427,4,322158,476,,,,
BB,all,all,certified_reference,480,101764927,127.59246069937944,174,636318,4,320771,476,,,,
BB,source,CP-AP-r000,degree,120,16743405,20.490726236253977,40,160724,4,81070,116,,,,
BB,source,CP-AP-r000,existing_frozen,120,243198032,193.15483164042234,40,160708,4,80802,116,,,,
BB,source,CP-AP-r000,certified_reference,120,16748185,20.229311767965555,40,160672,4,81036,116,,,,
BB,source,CP-AP-r001,degree,120,17926780,22.191848635673523,41,160021,0,80711,120,,,,
BB,source,CP-AP-r001,existing_frozen,120,246823804,196.3053797222674,41,160641,0,80774,120,,,,
BB,source,CP-AP-r001,certified_reference,120,17932198,22.123000252991915,41,160005,0,80701,120,,,,
BB,source,CP-AU-r000,degree,120,32856157,41.55442538112402,48,158788,0,79961,120,,,,
BB,source,CP-AU-r000,existing_frozen,120,231164851,176.81570052355528,40,160456,0,80771,120,,,,
BB,source,CP-AU-r000,certified_reference,120,32796415,41.57334152981639,48,158728,0,79935,120,,,,
BB,source,CP-AU-r001,degree,120,34276018,43.6842621602118,45,156913,0,79099,120,,,,
BB,source,CP-AU-r001,existing_frozen,120,237308481,186.58319215103984,42,158622,0,79811,120,,,,
BB,source,CP-AU-r001,certified_reference,120,34288129,43.666807148605585,45,156913,0,79099,120,,,,
BB,patch_cap,128,degree,160,63684589,81.65828868746758,0,320000,0,161965,160,,,,
BB,patch_cap,128,existing_frozen,160,814296133,618.5997609049082,0,320000,0,161372,160,,,,
BB,patch_cap,128,certified_reference,160,63684589,81.56567005813122,0,320000,0,161965,160,,,,
BB,patch_cap,16,degree,160,4075428,1.5486420430243015,160,3476,4,1660,156,,,,
BB,patch_cap,16,existing_frozen,160,6795908,4.491713233292103,160,3300,4,1572,156,,,,
BB,patch_cap,16,certified_reference,160,4075174,1.3481989428400993,160,3396,4,1620,156,,,,
BB,patch_cap,64,degree,160,34042343,44.714331682771444,14,312970,0,157216,160,,,,
BB,patch_cap,64,existing_frozen,160,137403127,129.76762989908457,3,317127,0,159214,160,,,,
BB,patch_cap,64,certified_reference,160,34005164,44.67859169840813,14,312922,0,157186,160,,,,
BB,action_group,east-east,degree,168,27901790,34.43520628660917,60,224120,4,113000,164,,,,
BB,action_group,east-east,existing_frozen,168,338744096,268.0101758353412,56,225152,4,113222,164,,,,
BB,action_group,east-east,certified_reference,168,27895309,34.34321157634258,60,224008,4,112944,164,,,,
BB,action_group,west-east,degree,24,2964144,3.595780376344919,8,32240,0,16264,24,,,,
BB,action_group,west-east,existing_frozen,24,50478298,40.50918906182051,8,32180,0,16176,24,,,,
BB,action_group,west-east,certified_reference,24,2968368,3.5847891569137573,8,32200,0,16242,24,,,,
BB,action_group,west-west,degree,288,70936426,89.89027575030923,106,380086,0,191577,288,,,,
BB,action_group,west-west,existing_frozen,288,569272774,444.33973914012313,99,383095,0,192760,288,,,,
BB,action_group,west-west,certified_reference,288,70901250,89.6644599661231,106,380110,0,191585,288,,,,
commit,all,all,degree,480,12833058,2.608704298734665,,,,,,170,225,97,315
commit,all,all,existing_frozen,480,29306528,16.079047210514545,,,,,,184,225,97,321
commit,all,all,certified_reference,480,12831038,2.508321885019541,,,,,,225,225,82,330
commit,source,CP-AP-r000,degree,120,3147118,0.6337730810046196,,,,,,42,56,21,71
commit,source,CP-AP-r000,existing_frozen,120,7259638,3.8488347083330154,,,,,,30,56,32,64
commit,source,CP-AP-r000,certified_reference,120,3147220,0.6103472672402859,,,,,,56,56,17,77
commit,source,CP-AP-r001,degree,120,3142552,0.6434088908135891,,,,,,35,52,29,85
commit,source,CP-AP-r001,existing_frozen,120,7317802,4.087891165167093,,,,,,45,52,26,88
commit,source,CP-AP-r001,certified_reference,120,3142053,0.6186803951859474,,,,,,52,52,28,86
commit,source,CP-AU-r000,degree,120,3279400,0.6693101301789284,,,,,,44,60,28,82
commit,source,CP-AU-r000,existing_frozen,120,7401418,4.108934238553047,,,,,,56,60,20,90
commit,source,CP-AU-r000,certified_reference,120,3278010,0.6433410346508026,,,,,,60,60,20,88
commit,source,CP-AU-r001,degree,120,3263988,0.6622121967375278,,,,,,49,57,19,77
commit,source,CP-AU-r001,existing_frozen,120,7327670,4.0333870984613895,,,,,,53,57,19,79
commit,source,CP-AU-r001,certified_reference,120,3263755,0.6359531879425049,,,,,,57,57,17,79
commit,patch_cap,128,degree,160,4698998,1.5350403375923634,,,,,,0,0,42,118
commit,patch_cap,128,existing_frozen,160,17149356,11.423527672886848,,,,,,0,0,41,119
commit,patch_cap,128,certified_reference,160,4698998,1.4924850761890411,,,,,,0,0,42,118
commit,patch_cap,16,degree,160,3904614,0.29638924822211266,,,,,,134,160,10,84
commit,patch_cap,16,existing_frozen,160,4320546,0.8088389225304127,,,,,,140,160,14,86
commit,patch_cap,16,certified_reference,160,3904226,0.27037499845027924,,,,,,160,160,4,90
commit,patch_cap,64,degree,160,4229446,0.7772747129201889,,,,,,36,65,45,113
commit,patch_cap,64,existing_frozen,160,7836626,3.8466806150972843,,,,,,44,65,42,116
commit,patch_cap,64,certified_reference,160,4227814,0.7454618103802204,,,,,,65,65,36,122
commit,action_group,east-east,degree,168,4456350,0.9150044322013855,,,,,,61,77,33,103
commit,action_group,east-east,existing_frozen,168,10260651,5.445164438337088,,,,,,61,77,31,99
commit,action_group,east-east,certified_reference,168,4456159,0.8817443624138832,,,,,,77,77,27,107
commit,action_group,west-east,degree,24,627544,0.1190265454351902,,,,,,0,10,4,20
commit,action_group,west-east,existing_frozen,24,1443356,0.7476096600294113,,,,,,10,10,2,22
commit,action_group,west-east,certified_reference,24,627062,0.11442193388938904,,,,,,10,10,4,20
commit,action_group,west-west,degree,288,7749164,1.5746733210980892,,,,,,109,138,60,192
commit,action_group,west-west,existing_frozen,288,17602521,9.886273112148046,,,,,,113,138,64,200
commit,action_group,west-west,certified_reference,288,7747817,1.5121555887162685,,,,,,138,138,51,203
