stratum,value,metric,head,states,wins,losses,ties,mean_delta_seconds,median_delta_seconds,operation_ratio,wall_ratio
all,all,BB_quality,existing_frozen,480,111,115,254,-2.9027858041666668,0.0,9.415254891929814,5.885332038118049
all,all,BB_quality,certified_reference,480,0,0,480,0.0,0.0,0.9996322973259166,0.9974296554952558
all,all,commit_raw,existing_frozen,480,86,58,336,-15.679143804166667,0.0,2.283674553641073,6.163614334638687
all,all,commit_raw,certified_reference,480,53,2,425,8.675537266666668,0.0,0.9998425940255238,0.9615202022844007
all,all,commit_guarded,existing_frozen,480,62,38,380,-5.558166677083333,0.0,2.283674553641073,6.163614334638687
all,all,commit_guarded,certified_reference,480,43,0,437,3.3261890979166666,0.0,0.9998425940255238,0.9615202022844007
source,CP-AP-r000,BB_quality,existing_frozen,120,28,31,61,-18.029806883333332,0.0,14.52500444204748,9.426451235226402
source,CP-AP-r000,BB_quality,certified_reference,120,0,0,120,0.0,0.0,1.0002854855389332,0.9872423034071919
source,CP-AP-r000,commit_raw,existing_frozen,120,15,29,76,-59.57431776666667,0.0,2.3067574841489895,6.072890792761457
source,CP-AP-r000,commit_raw,certified_reference,120,14,0,106,9.340657566666666,0.0,1.0000324106055127,0.9630375374618302
source,CP-AP-r000,commit_guarded,existing_frozen,120,6,18,96,-16.02114033333333,0.0,2.3067574841489895,6.072890792761457
source,CP-AP-r000,commit_guarded,certified_reference,120,10,0,110,0.35478755,0.0,1.0000324106055127,0.9630375374618302
source,CP-AP-r001,BB_quality,existing_frozen,120,31,36,53,-15.940518274999999,0.0,13.768440511904537,8.845832672394195
source,CP-AP-r001,BB_quality,certified_reference,120,0,0,120,0.0,0.0,1.0003022294020454,0.9968975823595456
source,CP-AP-r001,commit_raw,existing_frozen,120,18,4,98,7.770849691666666,0.0,2.328617633057464,6.353488774452532
source,CP-AP-r001,commit_raw,certified_reference,120,17,0,103,8.3878479,0.0,0.999841211855842,0.9615664377960762
source,CP-AP-r001,commit_guarded,existing_frozen,120,16,3,101,7.930646758333333,0.0,2.328617633057464,6.353488774452532
source,CP-AP-r001,commit_guarded,certified_reference,120,17,0,103,7.501060708333333,0.0,0.999841211855842,0.9615664377960762
source,CP-AU-r000,BB_quality,existing_frozen,120,36,18,66,26.461088091666667,0.0,7.0356630874389845,4.25503899769658
source,CP-AU-r000,BB_quality,certified_reference,120,0,0,120,0.0,0.0,0.9981817106608055,1.0004552138194398
source,CP-AU-r000,commit_raw,existing_frozen,120,32,10,78,21.0876774,0.0,2.2569427334268464,6.139058790959275
source,CP-AU-r000,commit_raw,certified_reference,120,14,2,104,8.562534583333333,0.0,0.9995761419771909,0.9612002054694984
source,CP-AU-r000,commit_guarded,existing_frozen,120,24,5,91,17.395541833333333,0.0,2.2569427334268464,6.139058790959275
source,CP-AU-r000,commit_guarded,certified_reference,120,10,0,110,3.741449666666667,0.0,0.9995761419771909,0.9612002054694984
source,CP-AU-r001,BB_quality,existing_frozen,120,16,30,74,-4.1019061500000005,0.0,6.923455373375052,4.271176458623634
source,CP-AU-r001,BB_quality,certified_reference,120,0,0,120,0.0,0.0,1.0003533374267688,0.9996004279174454
source,CP-AU-r001,commit_raw,existing_frozen,120,21,15,84,-32.00078454166667,0.0,2.2450051899700614,6.090777425019324
source,CP-AU-r001,commit_raw,certified_reference,120,8,0,112,8.411109016666666,0.0,0.9999286149336334,0.9603465340499748
source,CP-AU-r001,commit_guarded,existing_frozen,120,16,12,92,-31.53771496666667,0.0,2.2450051899700614,6.090777425019324
source,CP-AU-r001,commit_guarded,certified_reference,120,6,0,114,1.7074584666666666,0.0,0.9999286149336334,0.9603465340499748
patch_cap,128,BB_quality,existing_frozen,160,52,66,42,-5.248497106249999,0.0,12.786392214920316,7.57546809819255
patch_cap,128,BB_quality,certified_reference,160,0,0,160,0.0,0.0,1.0,0.9988657779776546
patch_cap,128,commit_raw,existing_frozen,160,40,30,90,-11.072046293749999,0.0,3.649577207736628,7.441842011008062
patch_cap,128,commit_raw,certified_reference,160,0,0,160,0.0,0.0,1.0,0.9722774311780835
patch_cap,128,commit_guarded,existing_frozen,160,27,25,108,-14.57632184375,0.0,3.649577207736628,7.441842011008062
patch_cap,128,commit_guarded,certified_reference,160,0,0,160,0.0,0.0,1.0,0.9722774311780835
patch_cap,16,BB_quality,existing_frozen,160,0,0,160,0.0,0.0,1.6675323426153033,2.90042056750594
patch_cap,16,BB_quality,certified_reference,160,0,0,160,0.0,0.0,0.9999376752576662,0.8705684757255058
patch_cap,16,commit_raw,existing_frozen,160,16,10,134,-27.178476449999998,0.0,1.1065232056228862,2.72897524921104
patch_cap,16,commit_raw,certified_reference,160,26,0,134,3.885392075,0.0,0.9999006303824143,0.9122294417632233
patch_cap,16,commit_guarded,existing_frozen,160,10,0,150,2.5850712875,0.0,1.1065232056228862,2.72897524921104
patch_cap,16,commit_guarded,certified_reference,160,20,0,140,2.86062,0.0,0.9999006303824143,0.9122294417632233
patch_cap,64,BB_quality,existing_frozen,160,59,49,52,-3.4598603062499995,0.0,4.036241776895321,2.902148483840236
patch_cap,64,BB_quality,certified_reference,160,0,0,160,0.0,0.0,0.998907860131719,0.999200704046817
patch_cap,64,commit_raw,existing_frozen,160,30,18,112,-8.78690866875,0.0,1.8528729294569548,4.94893317787924
patch_cap,64,commit_raw,certified_reference,160,27,2,131,22.141219725,0.0,0.9996141338605576,0.959071224097271
patch_cap,64,commit_guarded,existing_frozen,160,25,13,122,-4.683249475,0.0,1.8528729294569548,4.94893317787924
patch_cap,64,commit_guarded,certified_reference,160,23,0,137,7.1179472937499995,0.0,0.9996141338605576,0.959071224097271
action_group,east-east,BB_quality,existing_frozen,168,44,43,81,-14.002802041666666,0.0,12.140586535845909,7.783028032550582
action_group,east-east,BB_quality,certified_reference,168,0,0,168,0.0,0.0,0.999767720995678,0.9973284693141983
action_group,east-east,commit_raw,existing_frozen,168,18,24,126,-16.016867845238092,0.0,2.302478710155172,5.950970560040576
action_group,east-east,commit_raw,certified_reference,168,16,0,152,2.6094547738095235,0.0,0.9999571398117293,0.963650373028814
action_group,east-east,commit_guarded,existing_frozen,168,6,20,142,-8.266191809523809,0.0,2.302478710155172,5.950970560040576
action_group,east-east,commit_guarded,certified_reference,168,10,0,158,1.633481369047619,0.0,0.9999571398117293,0.963650373028814
action_group,west-east,BB_quality,existing_frozen,24,6,10,8,-8.722820166666667,0.0,17.029637561468,11.265757310516767
action_group,west-east,BB_quality,certified_reference,24,0,0,24,0.0,0.0,1.001425031982252,0.9969433006800226
action_group,west-east,commit_raw,existing_frozen,24,16,0,8,31.517921583333333,39.6809265,2.3000076488660555,6.28103300231026
action_group,west-east,commit_raw,certified_reference,24,10,0,14,17.9390985,0.0,0.9992319263669162,0.9613144149570537
action_group,west-east,commit_guarded,existing_frozen,24,14,0,10,28.209749666666667,39.6809265,2.3000076488660555,6.28103300231026
action_group,west-east,commit_guarded,certified_reference,24,10,0,14,17.9390985,0.0,0.9992319263669162,0.9613144149570537
action_group,west-west,BB_quality,existing_frozen,288,61,62,165,4.05722653125,0.0,8.025112147601009,4.943134676484676
action_group,west-west,BB_quality,certified_reference,288,0,0,288,0.0,0.0,0.9995041193645702,0.9974878730507694
action_group,west-west,commit_raw,existing_frozen,288,52,34,202,-19.41522689583333,0.0,2.2715380652674275,6.278301016272957
action_group,west-west,commit_raw,certified_reference,288,27,2,259,11.44212195138889,0.0,0.9998261747976943,0.9602979668581517
action_group,west-west,commit_guarded,existing_frozen,288,42,18,228,-6.7924783784722225,0.0,2.2715380652674275,6.278301016272957
action_group,west-west,commit_guarded,certified_reference,288,23,0,265,3.0958594895833333,0.0,0.9998261747976943,0.9602979668581517
config,A,BB_quality,existing_frozen,120,38,32,50,15.398267825000001,0.0,13.387611957098336,7.966697404663751
config,A,BB_quality,certified_reference,120,0,0,120,0.0,0.0,0.9999960607298738,0.9952070664767311
config,A,commit_raw,existing_frozen,120,18,9,93,-13.416802625,0.0,2.6542076846670537,7.117706006668702
config,A,commit_raw,certified_reference,120,9,0,111,1.7558168166666666,0.0,0.9999398129480838,0.9562655258223117
config,A,commit_guarded,existing_frozen,120,15,9,96,-14.099984008333335,0.0,2.6542076846670537,7.117706006668702
config,A,commit_guarded,certified_reference,120,6,0,114,1.0726354333333332,0.0,0.9999398129480838,0.9562655258223117
config,E,BB_quality,existing_frozen,120,34,34,52,-9.84479385,0.0,11.963851935888922,7.466539045800014
config,E,BB_quality,certified_reference,120,0,0,120,0.0,0.0,0.9998007901784324,1.0058585145137646
config,E,commit_raw,existing_frozen,120,17,17,86,-31.801217958333332,0.0,2.282796969538326,6.525481662859438
config,E,commit_raw,certified_reference,120,12,0,108,3.7419839833333333,0.0,0.9998716117339397,0.9606339674636206
config,E,commit_guarded,existing_frozen,120,15,15,90,-27.667593591666666,0.0,2.282796969538326,6.525481662859438
config,E,commit_guarded,certified_reference,120,12,0,108,3.7419839833333333,0.0,0.9998716117339397,0.9606339674636206
config,J,BB_quality,existing_frozen,120,15,19,86,0.5929849749999998,0.0,6.202847620171545,4.160105696378014
config,J,BB_quality,certified_reference,120,0,0,120,0.0,0.0,0.999099317741231,0.9984315581415536
config,J,commit_raw,existing_frozen,120,25,20,75,-10.370417483333334,0.0,2.038523160125726,5.379631505096851
config,J,commit_raw,certified_reference,120,16,2,102,20.203620991666664,0.0,0.9997942767640896,0.9606460093915552
config,J,commit_guarded,existing_frozen,120,11,7,102,9.834724566666667,0.0,2.038523160125726,5.379631505096851
config,J,commit_guarded,certified_reference,120,13,0,107,5.292303558333333,0.0,0.9997942767640896,0.9606460093915552
config,W,BB_quality,existing_frozen,120,24,30,66,-17.75760216666667,0.0,10.242206245580242,6.1524392896105375
config,W,BB_quality,certified_reference,120,0,0,120,0.0,0.0,1.000217053940575,0.9901576806543166
config,W,commit_raw,existing_frozen,120,26,12,82,-7.128137150000001,0.0,2.2869924528419525,5.92074471733002
config,W,commit_raw,certified_reference,120,16,0,104,9.000727275000001,0.0,0.9997948769105595,0.9677606683716236
config,W,commit_guarded,existing_frozen,120,21,7,92,9.700186325,0.0,2.2869924528419525,5.92074471733002
config,W,commit_guarded,certified_reference,120,12,0,108,3.1978334166666667,0.0,0.9997948769105595,0.9677606683716236
