stratum,value,config,total,a,b,tie,unknown,four_strict,joint_only
source,CP-AP-r000,A,30,5,6,0,19,11,0
source,CP-AP-r000,W,30,2,12,0,16,11,0
source,CP-AP-r000,E,30,7,6,0,17,11,0
source,CP-AP-r000,J,30,4,14,0,12,11,0
source,CP-AP-r001,A,30,3,7,0,20,10,0
source,CP-AP-r001,W,30,3,8,0,19,10,0
source,CP-AP-r001,E,30,3,9,0,18,10,0
source,CP-AP-r001,J,30,4,15,0,11,10,0
source,CP-AU-r000,A,30,3,7,0,20,10,0
source,CP-AU-r000,W,30,4,14,0,12,10,0
source,CP-AU-r000,E,30,5,7,0,18,10,0
source,CP-AU-r000,J,30,4,16,0,10,10,0
source,CP-AU-r001,A,30,2,8,0,20,10,0
source,CP-AU-r001,W,30,2,13,0,15,10,0
source,CP-AU-r001,E,30,4,10,0,16,10,0
source,CP-AU-r001,J,30,2,16,0,12,10,0
patch_cap,128,A,40,0,0,0,40,0,0
patch_cap,128,W,40,0,0,0,40,0,0
patch_cap,128,E,40,0,0,0,40,0,0
patch_cap,128,J,40,0,0,0,40,0,0
patch_cap,16,A,40,13,27,0,0,40,0
patch_cap,16,W,40,6,34,0,0,40,0
patch_cap,16,E,40,13,27,0,0,40,0
patch_cap,16,J,40,6,34,0,0,40,0
patch_cap,64,A,40,0,1,0,39,1,0
patch_cap,64,W,40,5,13,0,22,1,0
patch_cap,64,E,40,6,5,0,29,1,0
patch_cap,64,J,40,8,27,0,5,1,0
action_group,east-east,A,42,2,13,0,27,15,0
action_group,east-east,W,42,2,15,0,25,15,0
action_group,east-east,E,42,6,13,0,23,15,0
action_group,east-east,J,42,4,22,0,16,15,0
action_group,west-east,A,6,2,0,0,4,2,0
action_group,west-east,W,6,2,0,0,4,2,0
action_group,west-east,E,6,2,0,0,4,2,0
action_group,west-east,J,6,4,0,0,2,2,0
action_group,west-west,A,72,9,15,0,48,24,0
action_group,west-west,W,72,7,32,0,33,24,0
action_group,west-west,E,72,11,19,0,42,24,0
action_group,west-west,J,72,6,39,0,27,24,0
same_group,False,A,6,2,0,0,4,2,0
same_group,False,W,6,2,0,0,4,2,0
same_group,False,E,6,2,0,0,4,2,0
same_group,False,J,6,4,0,0,2,2,0
same_group,True,A,114,11,28,0,75,39,0
same_group,True,W,114,9,47,0,58,39,0
same_group,True,E,114,17,32,0,65,39,0
same_group,True,J,114,10,61,0,43,39,0
