stratum,value,pair,total,both_sides_strict,reversal,preservation,tie,tie_to_strict,strict_to_tie,unknown,both_root_full9_alias_queries,aliases_with_two_strict,alias_strict_reversals
source,CP-AP-r000,A->J,30,11,3,8,0,0,0,19,0,0,0
source,CP-AP-r000,A->W,30,11,3,8,0,0,0,19,21,8,0
source,CP-AP-r000,A->E,30,11,0,11,0,0,0,19,9,3,0
source,CP-AP-r000,W->J,30,14,0,14,0,0,0,16,9,6,0
source,CP-AP-r000,E->J,30,13,3,10,0,0,0,17,21,10,0
source,CP-AP-r000,W->E,30,11,3,8,0,0,0,19,0,0,0
source,CP-AP-r001,A->J,30,10,1,9,0,0,0,20,0,0,0
source,CP-AP-r001,A->W,30,10,1,9,0,0,0,20,9,3,0
source,CP-AP-r001,A->E,30,10,0,10,0,0,0,20,15,5,0
source,CP-AP-r001,W->J,30,11,1,10,0,0,0,19,15,6,1
source,CP-AP-r001,E->J,30,12,1,11,0,0,0,18,9,3,0
source,CP-AP-r001,W->E,30,10,1,9,0,0,0,20,0,0,0
source,CP-AU-r000,A->J,30,10,1,9,0,0,0,20,0,0,0
source,CP-AU-r000,A->W,30,10,1,9,0,0,0,20,12,4,0
source,CP-AU-r000,A->E,30,10,0,10,0,0,0,20,18,6,0
source,CP-AU-r000,W->J,30,18,0,18,0,0,0,12,18,12,0
source,CP-AU-r000,E->J,30,12,3,9,0,0,0,18,12,6,2
source,CP-AU-r000,W->E,30,12,3,9,0,0,0,18,0,0,0
source,CP-AU-r001,A->J,30,10,2,8,0,0,0,20,0,0,0
source,CP-AU-r001,A->W,30,10,2,8,0,0,0,20,0,0,0
source,CP-AU-r001,A->E,30,10,0,10,0,0,0,20,30,10,0
source,CP-AU-r001,W->J,30,15,0,15,0,0,0,15,30,15,0
source,CP-AU-r001,E->J,30,14,2,12,0,0,0,16,0,0,0
source,CP-AU-r001,W->E,30,12,2,10,0,0,0,18,0,0,0
patch_cap,128,A->J,40,0,0,0,0,0,0,40,0,0,0
patch_cap,128,A->W,40,0,0,0,0,0,0,40,14,0,0
patch_cap,128,A->E,40,0,0,0,0,0,0,40,24,0,0
patch_cap,128,W->J,40,0,0,0,0,0,0,40,24,0,0
patch_cap,128,E->J,40,0,0,0,0,0,0,40,14,0,0
patch_cap,128,W->E,40,0,0,0,0,0,0,40,0,0,0
patch_cap,16,A->J,40,40,7,33,0,0,0,0,0,0,0
patch_cap,16,A->W,40,40,7,33,0,0,0,0,14,14,0
patch_cap,16,A->E,40,40,0,40,0,0,0,0,24,24,0
patch_cap,16,W->J,40,40,0,40,0,0,0,0,24,24,0
patch_cap,16,E->J,40,40,7,33,0,0,0,0,14,14,0
patch_cap,16,W->E,40,40,7,33,0,0,0,0,0,0,0
patch_cap,64,A->J,40,1,0,1,0,0,0,39,0,0,0
patch_cap,64,A->W,40,1,0,1,0,0,0,39,14,1,0
patch_cap,64,A->E,40,1,0,1,0,0,0,39,24,0,0
patch_cap,64,W->J,40,18,1,17,0,0,0,22,24,15,1
patch_cap,64,E->J,40,11,2,9,0,0,0,29,14,5,2
patch_cap,64,W->E,40,5,2,3,0,0,0,35,0,0,0
action_group,east-east,A->J,42,15,0,15,0,0,0,27,0,0,0
action_group,east-east,A->W,42,15,0,15,0,0,0,27,42,15,0
action_group,east-east,A->E,42,15,0,15,0,0,0,27,0,0,0
action_group,east-east,W->J,42,17,0,17,0,0,0,25,0,0,0
action_group,east-east,E->J,42,19,2,17,0,0,0,23,42,19,2
action_group,east-east,W->E,42,17,2,15,0,0,0,25,0,0,0
action_group,west-east,A->J,6,2,0,2,0,0,0,4,0,0,0
action_group,west-east,A->W,6,2,0,2,0,0,0,4,0,0,0
action_group,west-east,A->E,6,2,0,2,0,0,0,4,0,0,0
action_group,west-east,W->J,6,2,0,2,0,0,0,4,0,0,0
action_group,west-east,E->J,6,2,0,2,0,0,0,4,0,0,0
action_group,west-east,W->E,6,2,0,2,0,0,0,4,0,0,0
action_group,west-west,A->J,72,24,7,17,0,0,0,48,0,0,0
action_group,west-west,A->W,72,24,7,17,0,0,0,48,0,0,0
action_group,west-west,A->E,72,24,0,24,0,0,0,48,72,24,0
action_group,west-west,W->J,72,39,1,38,0,0,0,33,72,39,1
action_group,west-west,E->J,72,30,7,23,0,0,0,42,0,0,0
action_group,west-west,W->E,72,26,7,19,0,0,0,46,0,0,0
same_group,False,A->J,6,2,0,2,0,0,0,4,0,0,0
same_group,False,A->W,6,2,0,2,0,0,0,4,0,0,0
same_group,False,A->E,6,2,0,2,0,0,0,4,0,0,0
same_group,False,W->J,6,2,0,2,0,0,0,4,0,0,0
same_group,False,E->J,6,2,0,2,0,0,0,4,0,0,0
same_group,False,W->E,6,2,0,2,0,0,0,4,0,0,0
same_group,True,A->J,114,39,7,32,0,0,0,75,0,0,0
same_group,True,A->W,114,39,7,32,0,0,0,75,42,15,0
same_group,True,A->E,114,39,0,39,0,0,0,75,72,24,0
same_group,True,W->J,114,56,1,55,0,0,0,58,72,39,1
same_group,True,E->J,114,49,9,40,0,0,0,65,42,19,2
same_group,True,W->E,114,43,9,34,0,0,0,71,0,0,0
