program_id	arm	batch	round	group	eligible	paid_record_count	strict_passed	strict_total	programme_error_count	head_committed_record_count	arithmetic_error_count	program_content_sha256	ineligibility_reasons	Q	Q_exact	G	G_exact	C	C_exact
nonllm_grammar.base.s0	nonllm_grammar			nonllm_grammar	True	16	589	743	0	16	0	db5b8331f844d2a11acc4cf91438b1887dbab020d4d8fb39da638ace9943f350		1.0003903592634094	1468096820148176930079579359769753242212133222270182030658881042317471631442504153862646350695798532657024489705551798418187082583701120141609673535887550851702440387641567/1467523958576671389994312493970165589445077047341840525468132779548626986656214210617964007638610191725560490741047751489447937581334108550516225368291609930864393800672000	0.7927321668909825	589/743	659561.375	5276491/8
nonllm_grammar.base.s1	nonllm_grammar			nonllm_grammar	True	16	609	743	0	16	0	4e1b09c2abb0e6b6e23b50b0f40a90e10fd8b974f338fdb9062ba6646efd0a4f		0.9996054370992578	73347246403333333770658501987926364021339092569782104846920641276737214950684658940288589540992761326820538847657169132351303289048757644946888886426729599312860556072349/73376197928833569499715624698508279472253852367092026273406638977431349332810710530898200381930509586278024537052387574472396879066705427525811268414580496543219690033600	0.819650067294751	609/743	635593.3125	10169493/16
nonllm_grammar.base.s2	nonllm_grammar			nonllm_grammar	True	16	498	743	0	16	0	56d2ebe88fc7ec2131f86e7109f73f0d15377322f7f69a09a663f145bd6a9c13		0.9937351022407904	54012224852481409199197237613469541228611096784532036874976563992689857431338540308713322075737421172334460373102673863186022149960448221450514004233724125744382055358867/54352739206543384814604166443339466275743594345994093535856769612912110616896822615480148431059636730576314471890657462572145836345707724093193532158948515957940511136000	0.6702557200538358	498/743	682474.6875	10919595/16
nonllm_grammar.base.s3	nonllm_grammar			nonllm_grammar	True	16	594	743	0	16	0	c293a9292252e4841fb991d6f40a1f4cb6604a80328c4e5af665717fda72100c		1.0002940623698413	450515330260884047302170038608887249022536174457213731875599173745582235532554476676340109956717987271702424760540277742406639958935356230137/450382889601032000920053994032944773601758584425057516349987007805681947580874535369639085600018564854595357800986256859004312693890890144000	0.7994616419919246	594/743	660581.5	1321163/2
nonllm_grammar.base.s4	nonllm_grammar			nonllm_grammar	True	16	565	743	0	16	0	2b5527266d52ed04c4123111d7ab75711141300b71c4f89516c20bbb34f31dad		0.9948951262119201	1460032433987154032442613859155071578872694872035071438242889064691007813056874106048059537593537680803274299294054148885766465562298179742227718747423102385765934783383393/1467523958576671389994312493970165589445077047341840525468132779548626986656214210617964007638610191725560490741047751489447937581334108550516225368291609930864393800672000	0.7604306864064603	565/743	628328.625	5026629/8
nonllm_grammar.base.s5	nonllm_grammar			nonllm_grammar	True	16	563	743	0	16	0	0db7ce3f2f9847bea3d6cbd4bb9302959a9fb67d1e131a86b5abc41dea56e084		1.0003364979422678	489339259122987029785687932814544690485097954381906711316077490689556302762876586090524968344058423174707368849798861110693120324205225381158042093281585907000531059335809/489174652858890463331437497990055196481692349113946841822710926516208995552071403539321335879536730575186830247015917163149312527111369516838741789430536643621464600224000	0.7577388963660835	563/743	668261.125	5346089/8
nonllm_grammar.base.s6	nonllm_grammar			nonllm_grammar	True	16	589	743	0	16	0	09b31eb4bb9749762463660794592b3acfc120ec5a4036e661f97afe2cd8935c		1.000149323380826	14327088013894728068731856361791535090440877981701834373710778027078503865745812436960690304016010513422299610071586036430693942574536666278617/14324948964085248416766394322079932046444354551857144753113025908929668317218733439868815192145671705273253383705088220216835486767882826392000	0.7927321668909825	589/743	657841.125	5262729/8
nonllm_grammar.base.s7	nonllm_grammar			nonllm_grammar	True	16	573	743	0	16	0	d3e0f9f2810383db8fd14026cc19b456ed5fb882ef7b593650b9cadb247cda48		0.9991105098215636	162913178936544142230072203368853309164008935686363912921080169580523527711083814844223999891494472653741324593417720321589265120415131292622493709445141209077029200080369/163058217619630154443812499330018398827230783037982280607570308838736331850690467846440445293178910191728943415671972387716437509037123172279580596476845547873821533408000	0.7711978465679677	573/743	654194.0625	10467105/16
nonllm_grammar.local.s0	nonllm_grammar			nonllm_grammar	True	16	553	743	0	16	0	63d23ab66d4d53a176459473b00f61a7d6d6ea99c541ee9e4b26f63a34e6aac0		0.9992827885539397	1466471433596212512510928395434647004789612532978034931156215278271133218609049113340028647003576032676999290964329153653523229409367124997324901095735435333571569158297813/1467523958576671389994312493970165589445077047341840525468132779548626986656214210617964007638610191725560490741047751489447937581334108550516225368291609930864393800672000	0.7442799461641992	553/743	639031.0625	10224497/16
nonllm_grammar.local.s1	nonllm_grammar			nonllm_grammar	True	16	546	743	0	16	0	a28b77f1e8a2c978998ac9b7158289f97b8533a6bc33503119309991325f52cd		0.9971178831851504	1213345259618128484250205139614352035846648356118409895540116590335392313992605776932963531296164980394902500030496369976073054521812846617211741335853007872144198283617/1216852370295747421222481338283719394233065545059569258265450065960718894408137819749555561889394852177081667281134122296391324694306889345370004451319742894580757712000	0.7348586810228802	546/743	537756.5625	8604105/16
nonllm_grammar.local.s2	nonllm_grammar			nonllm_grammar	True	16	479	743	0	16	0	9e88a1c79866568388e784a077ccb99162714faa853e25e55c8496f84c214df1		0.9961316875568165	40606864371862203444805205439095079276593783608934678745055626586630395416906571299854500922773793353176558197285577817243869230932309220024747892323866902667974404009531/40764554404907538610953124832504599706807695759495570151892577209684082962672616961610111323294727547932235853917993096929109377259280793069895149119211386968455383352000	0.6446837146702558	479/743	591652.6875	9466443/16
nonllm_grammar.local.s3	nonllm_grammar			nonllm_grammar	True	16	608	743	0	16	0	1914ae36b0f7f4bcf6c8e98419ea3b162552004f5562802ee16f9c6032e18196		0.9991098557211143	60715460289072700557485097397372815963950354604916042954459305635563292334222972678323359795619348516061387758926444775990560003803894406790899647283252861861711004213/60769553959860507267146154870601912685621642608051700917973116052367675127591793060497909132411702005282226623920152034844007519207176634664633126352710668386450528000	0.8183041722745625	608/743	983263.3125	15732213/16
nonllm_grammar.local.s4	nonllm_grammar			nonllm_grammar	True	16	599	743	0	16	0	254cba01f1649c4b2bf33eb17ba2606fb2cf3458ae159eb5e9442598e545790a		0.9988367026839038	1465816791894352248456603708968046565134008994726477286285671195610321146967169112863282201884830733351933762296395876587604140132216809837075555331826063353776635224169519/1467523958576671389994312493970165589445077047341840525468132779548626986656214210617964007638610191725560490741047751489447937581334108550516225368291609930864393800672000	0.8061911170928667	599/743	832764.25	3331057/4
nonllm_grammar.local.s5	nonllm_grammar			nonllm_grammar	True	16	528	743	0	16	0	7d31cf648c1379e671dcfe39c87661da51af9a1b916aaadbde47fb979d2f13b5		0.9993541597053007	104755440890770421955010963629016552936574134848110950269604051792076016776360422451293930862741764142364612689195649165867777155205970495020192985451730324381969286150661/104823139898333670713879463855011827817505503381560037533438055682044784761158157901283143402757870837540035052931982249246281255809579182179730383449400709347456700048000	0.7106325706594886	528/743	630720.5	1261441/2
nonllm_grammar.local.s6	nonllm_grammar			nonllm_grammar	True	16	612	743	0	16	0	45c2b1d60f317dabac5cb064f80219c6957452e4ada6911aeb4e18bb78e7f545		0.9981060564456931	81374697279696340661996653667708311703810938658468760588529329150070006277644359544501579118351222430572401676308208634699037514881312916716029013866454745098664616814259/81529108809815077221906249665009199413615391518991140303785154419368165925345233923220222646589455095864471707835986193858218754518561586139790298238422773936910766704000	0.8236877523553163	612/743	544321.25	2177285/4
nonllm_grammar.local.s7	nonllm_grammar			nonllm_grammar	True	16	587	743	0	16	0	76dc91ed437c1317e27ab350db933374a19304542bf207beb7186b02c354658d		0.9975324283062185	121991894833045118317810731255656408532333669354941039909546291922117979784409893189556745517834344829697386575148158243313214548461539939183326838320956998001061712037439/122293663214722615832859374497513799120423087278486710455677731629052248888017850884830333969884182643796707561753979290787328131777842379209685447357634160905366150056000	0.7900403768506057	587/743	529385.75	2117543/4
nonllm_grammar.mixed.s0	nonllm_grammar			nonllm_grammar	True	16	682	743	0	16	0	b755859e0ff1dfc6d067a44cb41fdfca221281cc2f81c6d0a0249dfcf92c7f8b		0.9852423302047845	55610258637670357281892046515524354391354359433103845044591696137371510208450435693111679847472813208885804133223675714754382077082071405656320634611969967188687787232229/56443229176025822692088942075775599594041424897763097133389722290331807179085161946844769524561930450983095797732605826517228368512850328866008668011215766571707453872000	0.917900403768506	682/743	1020110.3125	16321765/16
nonllm_grammar.mixed.s1	nonllm_grammar			nonllm_grammar	True	16	672	743	0	16	0	04ba4c93a4f234dd9c5127115513bdbf280513d0079d99d64ad513940666317e		0.9852432876992618	55610312681750580155300735816645579368057113598299467414897856997448302325502269587056591926809274675770896228166258117652560942946602460126193495502026637911311652358729/56443229176025822692088942075775599594041424897763097133389722290331807179085161946844769524561930450983095797732605826517228368512850328866008668011215766571707453872000	0.9044414535666218	672/743	1024105.25	4096421/4
nonllm_grammar.mixed.s2	nonllm_grammar			nonllm_grammar	True	16	662	743	0	16	0	49be201dcf871cd3d18c90b25f204d90a02d648497768e924a29f9d7727e0e44		0.9856502307181603	72323266417776198118210440622378664219299071494337733099188790765957684818991950512954548849595711004656381040860248695859689851901575628378435490307386379115907300060459/73376197928833569499715624698508279472253852367092026273406638977431349332810710530898200381930509586278024537052387574472396879066705427525811268414580496543219690033600	0.8909825033647375	662/743	1406181.8125	22498909/16
nonllm_grammar.mixed.s3	nonllm_grammar			nonllm_grammar	True	16	668	743	0	16	0	261678ad536fb5d583bec6de4ada5c7feda4f7deeeb8f45ae7a47dc00bd29bc9		0.9857487518258712	1589681220265401381239102589499099529020749457977209738032114452939108955189946876737440122298719498337377687733846314418735890082157961486212859182052530978692300218423/1612663690743594934059684059307874274115469282793231346668277779723765919402433198481279129273198012885231308506645880757635096243224295110457390514606164759191641539200	0.8990578734858681	668/743	1409605.625	11276845/8
nonllm_grammar.mixed.s4	nonllm_grammar			nonllm_grammar	True	16	669	743	0	16	0	1152cfa243f8dd009d1bb9bf40fe872202719450ccf5615e052e20afe05ff2d5		0.9855586364004851	11125622396152817177702236802854015800999238464282430958855513919042105693131338023265054619217612333674228675864661562460240454786933189801571556334695497461041844777611/11288645835205164538417788415155119918808284979552619426677944458066361435817032389368953904912386090196619159546521165303445673702570065773201733602243153314341490774400	0.9004037685060565	669/743	1368904.6875	21902475/16
nonllm_grammar.mixed.s5	nonllm_grammar			nonllm_grammar	True	16	581	743	0	16	0	f2410121d5a55001857c94f1af9005152c8ec08f96e81a8f9a8d5b8b17b9d3b0		0.9895559746100492	1452197101092935556402020422072268274408746345726108623821486042694298209091005815389760247703392242757998993480292839887658253850808828937014839543348955563710129877722031/1467523958576671389994312493970165589445077047341840525468132779548626986656214210617964007638610191725560490741047751489447937581334108550516225368291609930864393800672000	0.7819650067294751	581/743	1026855.375	8214843/8
nonllm_grammar.mixed.s6	nonllm_grammar			nonllm_grammar	True	16	505	743	0	16	0	b0c27e4f4165441d855df7872cbe6fa7f5bb085f4849fa5d61014c7d606ccf8c		0.9879372738460147	483273872979982851101751556480105286461365966732945383488366062743060847048740008849954280483239842218985259413755617511709277450343180851282842864104619208607478042623857/489174652858890463331437497990055196481692349113946841822710926516208995552071403539321335879536730575186830247015917163149312527111369516838741789430536643621464600224000	0.6796769851951547	505/743	766084.8125	12257357/16
nonllm_grammar.mixed.s7	nonllm_grammar			nonllm_grammar	True	16	679	743	0	16	0	913babd193e008e6350c8b3a2757a61d3a3aed8a0d4dbc86e5daaae327997b63		0.9851641004690425	55605843098767489641515987666198324118198792179274673833578004408944231502476646594847170836828989493587676355244386064150621167644467116706760540893044542644385618268979/56443229176025822692088942075775599594041424897763097133389722290331807179085161946844769524561930450983095797732605826517228368512850328866008668011215766571707453872000	0.9138627187079408	679/743	1025478.375	8203827/8
nonllm_grammar.residual.s0	nonllm_grammar			nonllm_grammar	True	16	700	743	0	16	0	7bbc6ff9e5f0a27aa5ca4419e8fc7232fd3f70cc7dde2a22f5cba019ab0874d0		0.9858550922799989	41336170503020391952289692606348866081110180993164875428587911163492524210053920318409233532647980789630842174368760897347815561919986211058164501619158316943852644199493/41929255959333468285551785542004731127002201352624015013375222272817913904463263160513257361103148335016014021172792899698512502323831672871892153379760283738982680019200	0.9421265141318977	700/743	1464551.4375	23432823/16
nonllm_grammar.residual.s1	nonllm_grammar			nonllm_grammar	True	16	719	743	0	16	0	89702c91d84a5796ab14d54d138eb6ff289629aea37afa33458f581bac9c6467		0.9852189611137228	11121787922141585612730142325763228872075089581722719853868336491221865274074023033636212991649308962473924902856970965925661608162247627317076071362225365600803758071451/11288645835205164538417788415155119918808284979552619426677944458066361435817032389368953904912386090196619159546521165303445673702570065773201733602243153314341490774400	0.9676985195154778	719/743	970197.625	7761581/8
nonllm_grammar.residual.s2	nonllm_grammar			nonllm_grammar	True	16	709	743	0	16	0	abe54ab89c8984056afde63ab6fd8fad80a36411a8dd54a646fb630dcd452827		0.9852023583525462	55608002497253887063807065462920062580286214842786410338686745688041961193080767801985876426430322291351724253443972499580246276173211440849782081790201798982844175636229/56443229176025822692088942075775599594041424897763097133389722290331807179085161946844769524561930450983095797732605826517228368512850328866008668011215766571707453872000	0.9542395693135935	709/743	1021340.8125	16341453/16
nonllm_grammar.residual.s3	nonllm_grammar			nonllm_grammar	True	16	711	743	0	16	0	5389e310b5bd4108b4e011206973ea58111a8988bc26c3a2f214d57081e4667e		0.9852187336350008	55608926771074289332078660742266148733504002460723779672953332409783328599443863945520648299741501395443570925668689779956529029431465190282626816901532676079604511478229/56443229176025822692088942075775599594041424897763097133389722290331807179085161946844769524561930450983095797732605826517228368512850328866008668011215766571707453872000	0.9569313593539704	711/743	1021835.1875	16349363/16
nonllm_grammar.residual.s4	nonllm_grammar			nonllm_grammar	True	16	586	743	0	16	0	40349b11bd6baf1acf6a3d6892d315aa8634ef0a777613c5535650c9cc7a56c7		0.9857006545159834	11127225588360860943779268854276413855679101813822269438764757240263894194054319033386932227661761690010852306644273933810320466155254582627444996979669853788128958267271/11288645835205164538417788415155119918808284979552619426677944458066361435817032389368953904912386090196619159546521165303445673702570065773201733602243153314341490774400	0.7886944818304172	586/743	5095809.0625	81532945/16
nonllm_grammar.residual.s5	nonllm_grammar			nonllm_grammar	True	16	586	743	0	16	0	ac6684a55bfaca7d7f788a2d1ca080d68b9650667dff73e253a8947fd193f896		0.9856692285210943	11126870831434538905484103036173547390137164641113188535959280611269351380979173211434116206550522554408226736482487101239688918572379768528585147209741203834846434314671/11288645835205164538417788415155119918808284979552619426677944458066361435817032389368953904912386090196619159546521165303445673702570065773201733602243153314341490774400	0.7886944818304172	586/743	5118908.1875	81902531/16
nonllm_grammar.residual.s6	nonllm_grammar			nonllm_grammar	True	16	586	743	0	16	0	aeb3a1e6893e69bcf5f57dfe8a3737cbc1f7ca7707c6eab073f5dddea2d428ea		0.986104388706336	289426363216830182578051184062743187477583072246128001758483864200372584887328378051496743213945315137309497553486384898500779629757899686622808842731261673437247245110031/293504791715334277998862498794033117889015409468368105093626555909725397331242842123592801527722038345112098148209550297889587516266821710103245073658321986172878760134400	0.7886944818304172	586/743	6077694.6875	97243115/16
nonllm_grammar.residual.s7	nonllm_grammar			nonllm_grammar	True	16	589	743	0	16	0	8996d828d769ded0252607ddfcf0b53bac68fbd6d296e050ff0035dc900337ac		0.9856428167046726	11126572677793088827240367576162852361426043292873665992482877876532834417774317723591205671788347918045407060332422462309075683030515121633695979403034512921421231198471/11288645835205164538417788415155119918808284979552619426677944458066361435817032389368953904912386090196619159546521165303445673702570065773201733602243153314341490774400	0.7927321668909825	589/743	4380604.3125	70089669/16
relations_joint.r1.b0.s0	relations_joint	0	1	relations_joint.b0	True	16	595	743	0	16	0	2e5a02389c392272947aab1c8e07bc7b1b9589b53ce148d7fc27d4bb983565cb		0.9923927133869399	109041635460635381285711458548614237243775264564966628976515689350595651832277153359512109326241432420545064284391792598650762834063602902320042192673866909529277109957/109877505134521667414967991462276549074953357842306119007796704069229334131193037632372267717775545951299827099509415355604068402316120736037453232127254412313895912000	0.800807537012113	595/743	648101.375	5184811/8
relations_joint.r1.b0.s1	relations_joint	0	1	relations_joint.b0	True	16	458	743	0	16	0	583e493089ea1ced3adab4a86345cfc131848defdcdd71fa2ae0067c82447268		0.9944550274061036	58375463137819097546545408815505593797923896361541465666757710310182025114437838261425711680030968915862966760545205067063295049014671822755724453722919932901481316015963/58700958343066855599772499758806623577803081893673621018725311181945079466248568424718560305544407669022419629641910059577917503253364342020649014731664397234575752026880	0.6164199192462988	458/743	692862.875	5542903/8
relations_joint.r1.b0.s2	relations_joint	0	1	relations_joint.b0	True	16	563	743	0	16	0	da83db6458d2cba1bd66aea7013b80bcfa84007a832f7b8986d96597b4360fac		0.987017450049008	48282391849339076211456713920979159743968389492030756184857814647436900199674095922562357855590610936465793548790894903037645452166869613788262772373023781374253357745437/48917465285889046333143749799005519648169234911394684182271092651620899555207140353932133587953673057518683024701591716314931252711136951683874178943053664362146460022400	0.7577388963660835	563/743	1016040.0625	16256641/16
relations_joint.r1.b0.s3	relations_joint	0	1	relations_joint.b0	True	16	603	743	0	16	0	443e3c34cd4cb0754075682025551cf9e15e5d3f6b74f574f6370e701cc04da4		0.9879309798547612	3624530955892472545558521719088125718915142826678046936192875934283782571465372958324775049285218370734006880671125217025237184210592546047557793886541441964954019261601/3668809896441678474985781234925413973612692618354601313670331948871567466640535526544910019096525479313901226852619378723619843953335271376290563420729024827160984501680	0.8115746971736204	603/743	23719159.0	23719159
relations_joint.r1.b0.s4	relations_joint	0	1	relations_joint.b0	True	16	606	743	0	16	0	7f24ca6bc7ccae8e623d3722ad0ff6475875387db4c7b3e1bd01b8b1fd7a00ef		0.9874017294341699	1916713881858048210574333602999976021519391968924206740646183925100189206916483584476818638148222441004304420342839409670668851904023151713601274122601104976273721803121/1941169257376549457664434515833552366990842655214074769137741771889718236317743664838576729680701311806296945424666337949005208440918133003328340434248161284212161112000	0.8156123822341858	606/743	12319307.375	98554459/8
relations_joint.r1.b0.s5	relations_joint	0	1	relations_joint.b0	True	16	602	743	0	16	0	5b44b4d3ad7c6be753faca2bc6c650df0a687ec4c51ce48c663a81d63bdca358		0.9873320213182286	482977798784811117469118793792459318584837140157655896732938061056828905254516466434671626452014341051482555164311911839477235316984137244649948159459844503030735046757697/489174652858890463331437497990055196481692349113946841822710926516208995552071403539321335879536730575186830247015917163149312527111369516838741789430536643621464600224000	0.8102288021534321	602/743	10040468.375	80323747/8
relations_joint.r1.b0.s6	relations_joint	0	1	relations_joint.b0	True	16	528	743	0	16	0	168f9bdfc83468abe633c11a538181245b5aaee9806bcb223764f178f085d4b7		0.9861226018006901	1447158544236475362670052883357847269553380171648530624745930683658523212998799947677239102681760734853273709428767930085047655587511438474499188425567596422788548946803761/1467523958576671389994312493970165589445077047341840525468132779548626986656214210617964007638610191725560490741047751489447937581334108550516225368291609930864393800672000	0.7106325706594886	528/743	1653839.4375	26461431/16
relations_joint.r1.b0.s7	relations_joint	0	1	relations_joint.b0	True	16	689	743	0	16	0	9254b2a71f19483b4050dff480b4da6d74d45b8dbdaee56c43e5e3165f2270c0		0.9855639743467043	327225960421681544063166376053605988959770886403032204464043241526147192692366408837988046417523606055421331488704497583817061019150801113263833841022640493432197949339/332018995153093074659346718092797644670831911163312336078763072296069453994618599687322173673893708535194681163132975450101343344193237228623580400065975097480632081600	0.927321668909825	689/743	1329584.9375	21273359/16
relations_joint.r1.b1.s0	relations_joint	1	1	relations_joint.b1	True	16	589	743	0	16	0	427f47065fc868dd343e6a3ac3244bba0e4c3b6eaa9ee3bb49e883c9bc1778d2		1.0003764345960422	2075527929348396813528391508523013370036014441552006201681881138420633620761888980896682843718356648667898537116363566037312092898347220272240464950890095735307707/2074746922828611986946542380808404071816532333685888262390768856081344657475152329027367138537579448168148604496961604989092286378378238543505894121639819562912000	0.7927321668909825	589/743	654525.625	5236205/8
relations_joint.r1.b1.s1	relations_joint	1	1	relations_joint.b1	True	16	594	743	0	16	0	cc17d037fbd0dddad716b286dd8d69003fcc0b2f459511197c6132a647c8308e		0.9957589385318352	1972064911285213373514765688165448040034704711791580062778691277333849958910641921422474103183360567205425473591293229016893630944825488332800404387379753641602219676499/1980464181614941147090840072834231564703207891149582355557534115450238848388953050766483141212699314069582308692372134263762398895187730837403812912674237423568682592000	0.7994616419919246	594/743	639846.375	5118771/8
relations_joint.r1.b1.s2	relations_joint	1	1	relations_joint.b1	True	16	532	743	0	16	0	ca0c1be923ddcd3f7ad4433079e87754af5635003b2d3846859269b9694444e0		0.9870969481695872	111429878528983381037103604580821628542686862939484183733169399678239537016225644687408089380105927557479544076324604645408561387814570128701912187675533745249114045511881/112886458352051645384177884151551199188082849795526194266779444580663614358170323893689539049123860901966191595465211653034456737025700657732017336022431533143414907744000	0.7160161507402423	532/743	940224.5625	15043593/16
relations_joint.r1.b1.s3	relations_joint	1	1	relations_joint.b1	True	16	558	743	0	16	0	16af3b7a26aa7926c27b659eb7df93a4e94a0a244af777b6570c5a8056d23576		0.9872606273023139	3832879957475077987963046639327460697583238115739919631217084347029132190182487997655147533630793167829598167135779291514923908834302397625699290604661752270080194432177/3882338514753098915328869031667104733981685310428149538275483543779436472635487329677153459361402623612593890849332675898010416881836266006656680868496322568424322224000	0.7510094212651414	558/743	1010445.0	1010445
relations_joint.r1.b1.s4	relations_joint	1	1	relations_joint.b1	True	16	608	743	0	16	0	1233dd0c91edc214183ee4b9f9ff1dffb19f42879d1189eacbedd524e8433a6a		0.9881139226589085	362520213826281101635962008943650233953402937013877627893096008401407639209532164293000327376270989143485247824857412472165923123313777533609136451533899502890640422021597/366880989644167847498578123492541397361269261835460131367033194887156746664053552654491001909652547931390122685261937872361984395333527137629056342072902482716098450168000	0.8183041722745625	608/743	24361081.8125	389777309/16
relations_joint.r1.b1.s5	relations_joint	1	1	relations_joint.b1	True	16	601	743	0	16	0	be8a2a68a6967d47fef8e245d2e9506621152bbc2a09507a3f38b2263dd1420d		0.9870522293981374	1448522795008283345906810383945006479733082128564097991156787920270972315328926767312772067304368175001622533024900084885273459104605966939679601886930242852649479145914791/1467523958576671389994312493970165589445077047341840525468132779548626986656214210617964007638610191725560490741047751489447937581334108550516225368291609930864393800672000	0.8088829071332436	601/743	9765060.875	78120487/8
relations_joint.r1.b1.s6	relations_joint	1	1	relations_joint.b1	True	16	562	743	0	16	0	e9fdd412496973e24fcab573470d0771f9c8b63eaeccf177862b7000aaa41fd8		0.9867370554902815	3042143423839047208904534412901645344501201890194222954325792406842096441380426282376634140518100721209071535262212840314235560287665837685190299120712621481066937721621/3083033526421578550408219525147406700514867746516471692159942814177787787092886997096563041257584436398236325086234772036655331053222917122933246572041197333748726472000	0.756393001345895	562/743	1387263.4375	22196215/16
relations_joint.r1.b1.s7	relations_joint	1	1	relations_joint.b1	True	16	700	743	0	16	0	8d9c50d22952d06ddc34966c4a10ebc749b2f34a3061b6c2b997a563f42d971b		0.9858550922799989	41336170503020391952289692606348866081110180993164875428587911163492524210053920318409233532647980789630842174368760897347815561919986211058164501619158316943852644199493/41929255959333468285551785542004731127002201352624015013375222272817913904463263160513257361103148335016014021172792899698512502323831672871892153379760283738982680019200	0.9421265141318977	700/743	1387902.4375	22206439/16
relations_joint.r2.b0.s0	relations_joint	0	2	relations_joint.b0	True	16	590	743	0	16	0	535546c0e7a9a57ffba7c56f6fb5f876a05c659d098f33f85be2add53bc078f4		0.9986553380851957	183193829375063813898324197284775761516172706470371491990559156590565294469641638847244542402513652724904985908319868264503142940725861280504998328628643065166421127325529/183440494822083923749289061746270698680634630917730065683516597443578373332026776327245500954826273965695061342630968936180992197666763568814528171036451241358049225084000	0.7940780619111709	590/743	609300.8125	9748813/16
relations_joint.r2.b0.s1	relations_joint	0	2	relations_joint.b0	True	16	528	743	0	16	0	7687668dbc60912004b5b625a7db8d2251b8131ae83ac299851674fc83ec7421		0.9915490344594812	48504065472428474254538839023915547227309495909395651488608603726619587997345849761776884839653973301059956519462011045248571450414432305653563089845425811525173790520173/48917465285889046333143749799005519648169234911394684182271092651620899555207140353932133587953673057518683024701591716314931252711136951683874178943053664362146460022400	0.7106325706594886	528/743	722092.8125	11553485/16
relations_joint.r2.b0.s2	relations_joint	0	2	relations_joint.b0	True	16	605	743	0	16	0	6ca6b6b778eb075ff8a678bd8e9639de09109fe6bfa92059278065b45c188a2d		0.9978689032819767	15254130448801334496364401943316648975351854791556820043029172911541236100094081710909528757017073589936004140751654299543846040684377903084115235881700761721710013091053/15286707901840326979107421812189224890052885909810838806959716453631531111002231360603791746235522830474588445219247411348416016472230297401210680919704270113170768757000	0.8142664872139973	605/743	559829.25	2239317/4
relations_joint.r2.b0.s3	relations_joint	0	2	relations_joint.b0	True	16	586	743	0	16	0	d5ff00e5d27cac5517fe50a25d870c868e092753786448e64d1451803e8bbf5f		0.9864162153591837	482529809722709186925070479236435487874418542889039605807759669612776922944512339287852979911623293938045904239471000084249501770325046790135058873328101136171218897890287/489174652858890463331437497990055196481692349113946841822710926516208995552071403539321335879536730575186830247015917163149312527111369516838741789430536643621464600224000	0.7886944818304172	586/743	17041925.75	68167703/4
relations_joint.r2.b0.s4	relations_joint	0	2	relations_joint.b0	True	16	578	743	0	16	0	738e6f80f4d580eb240d8de1f3605befadd1ed318bf42bd00a0d8ad1f0e80eca		0.9860148808230634	135996283939940502942579368566459957738131328030698156215008794857054264915714483409293642752251178117967335786302598949232245113199931145395550901774098117806128106611/137925184076754829886683505072383983970401978133631628333471125897427348369944944606951504477312987944131625069647345064797738494486288397604908399275527249141390394800	0.7779273216689099	578/743	702479.0625	11239665/16
relations_joint.r2.b0.s5	relations_joint	0	2	relations_joint.b0	True	16	587	743	0	16	0	b62015d352b0024fa3f5ee530d0e7f7284a4897530a3f78585700fab49a068f2		0.9874704975006529	9114066751382598198550742336794702396657253805974678048504535378541819351226195848491777530198131663401725171525040494353904514744174632955245367658625986106090916619429/9229710431299820062857311282831230122296082058753713996654923141815264067020215161119270488293145859909185476358790889870741745794554141827146071498689370634367256608000	0.7900403768506057	587/743	16884188.5625	270147017/16
relations_joint.r2.b0.s6	relations_joint	0	2	relations_joint.b0	True	16	586	743	0	16	0	526d650512dcf1841aecd1d8605679e69700824d33a160a8c4ea7ff24f95e9b3		0.9886914606930282	362732101551796062810447283448588787089741716876120950583214816518594095567812500153968173490542623790779804525892307428007498261435956398683640633887534436223324389727369/366880989644167847498578123492541397361269261835460131367033194887156746664053552654491001909652547931390122685261937872361984395333527137629056342072902482716098450168000	0.7886944818304172	586/743	558229.6875	8931675/16
relations_joint.r2.b0.s7	relations_joint	0	2	relations_joint.b0	True	16	586	743	0	16	0	c729a30b54829060c3d8e56b7a1988deb4b6fd97eff28a634aad310a4ccb82db		0.9862851259308734	96493136819424407003754651408444443017826179390563788095378600860806366877535631752744721184603360978685700138434705003378650908366673607536697394432303381729937801866341/97834930571778092666287499598011039296338469822789368364542185303241799110414280707864267175907346115037366049403183432629862505422273903367748357886107328724292920044800	0.7886944818304172	586/743	1272430.1875	20358883/16
relations_joint.r2.b1.s0	relations_joint	1	2	relations_joint.b1	True	16	590	743	0	16	0	535546c0e7a9a57ffba7c56f6fb5f876a05c659d098f33f85be2add53bc078f4		0.9989490991927575	1465981736463955485336341480215770474609951649867361158457362154177050550045909415755756230474289833790636300734593082823582431852849174997800458527588186599259076412063787/1467523958576671389994312493970165589445077047341840525468132779548626986656214210617964007638610191725560490741047751489447937581334108550516225368291609930864393800672000	0.7940780619111709	590/743	615487.5	1230975/2
relations_joint.r2.b1.s1	relations_joint	1	2	relations_joint.b1	True	16	600	743	0	16	0	10895328061517205ffcaded05545aff8a999dc138def9242346450f18ebd5e6		0.988302462257285	434368835484540969249979403535137187137030899982722725244091380990245545592381173205475212790155882349576606319510108332343666357196449286390540595224735480394301040859/439510020538086669659871965849106196299813431369224476031186816276917336524772150529489070871102183805199308398037661422416273609264482944149812928509017649255583648000	0.8075370121130552	600/743	560371.1875	8965939/16
relations_joint.r2.b1.s2	relations_joint	1	2	relations_joint.b1	True	16	594	743	0	16	0	394268260da68b03298e4803f95ffd3680e1d37d23d40bc44368e5c8283da356		0.9984540449112329	30526150675937961810768069304623461396754976724596401057177716416399733932892783164345136094472402531228722902645142884672897318790140373444423638873818421410885009444717/30573415803680653958214843624378449780105771819621677613919432907263062222004462721207583492471045660949176890438494822696832032944460594802421361839408540226341537514000	0.7994616419919246	594/743	556770.5625	8908329/16
relations_joint.r2.b1.s3	relations_joint	1	2	relations_joint.b1	True	16	586	743	0	16	0	97c74f5393299d5ad160e2924f94107a288a05e7f7417f1c432a2b172b4e4612		0.9988786093977401	23643198241950519499107220575828527715267084196561125415985942920801970812504547461325111576953460150494776560508518604721882154567582646405773499483056694260395665367483/23669741267365667580553427322099444991049629795836137507550528702397209462197003397063935607074357931057427270016899217571740928731195299201874602714380805336522480656000	0.7886944818304172	586/743	684466.1875	10951459/16
relations_joint.r2.b1.s4	relations_joint	1	2	relations_joint.b1	True	16	458	743	0	16	0	891a0b19022472e5f69807fcadcb058931242cac86d212c706cb6cf76d389568		0.9944523452090739	10810241794496849160956663287037982104284132843198384316534403757998398467842606877933031538411830971781825167335464152102263037960035101091512121057945549060279638190309/10870547841308676962920833288667893255148718869198818707171353922582422123379364523096029686211927346115262894378131492514429167269141544818638706431789703191588102227200	0.6164199192462988	458/743	695038.6875	11120619/16
relations_joint.r2.b1.s5	relations_joint	1	2	relations_joint.b1	True	16	590	743	0	16	0	e06daeb53931e34eac557a5fc3c6cbf17c1d46490fb3f224d761f416beff334d		0.9861264660870633	13782516334945818469302828809185565604395948494285162884743348663509677632706156976017857130693063625506682030456901185044650221153786388631761529711862889964361953431083/13976418653111156095183928514001577042334067117541338337791740757605971301487754386837752453701049445005338007057597633232837500774610557623964051126586761246327560006400	0.7940780619111709	590/743	762462.375	6099699/8
relations_joint.r2.b1.s6	relations_joint	1	2	relations_joint.b1	True	16	589	743	0	16	0	d2eac24a26be111b3e5e8af9a463bf0d03ab1c908fbce27d445597fcf014de2a		0.9866912529675956	482664351149327271644252418257098847793441016413851545900908370704833343585940657884946409466027999848146461970656170398046713658204592716058689144678358987406146825935087/489174652858890463331437497990055196481692349113946841822710926516208995552071403539321335879536730575186830247015917163149312527111369516838741789430536643621464600224000	0.7927321668909825	589/743	1044880.9375	16718095/16
relations_joint.r2.b1.s7	relations_joint	1	2	relations_joint.b1	True	16	589	743	0	16	0	6d4239df5b8ff8da824134f1970519e7963c46125372b4fdd1d8d2a2ae8a39b4		0.986218843241849	96486652057145608413977897879929754420758991994550258528021536396562115877262207385100902369072974198203488359079398413830617284130907332004975120535475219703615549392261/97834930571778092666287499598011039296338469822789368364542185303241799110414280707864267175907346115037366049403183432629862505422273903367748357886107328724292920044800	0.7927321668909825	589/743	1175210.8125	18803373/16
relations_rule_only.r1.b0.s0	relations_rule_only	0	1	relations_rule_only.b0	True	16	458	743	0	16	0	6c8fdf667d5ebbf9d2787aa08aa02239f0829b4e13c93f160785fed12490049d		0.9945533692627498	72976544873811829176883172132819896340687769002099218793024096675564000614719006022186799991569952565907014580782671182002876629758837161348335342106517366500393404424189/73376197928833569499715624698508279472253852367092026273406638977431349332810710530898200381930509586278024537052387574472396879066705427525811268414580496543219690033600	0.6164199192462988	458/743	694650.3125	11114405/16
relations_rule_only.r1.b0.s1	relations_rule_only	0	1	relations_rule_only.b0	True	16	589	743	0	16	0	427f47065fc868dd343e6a3ac3244bba0e4c3b6eaa9ee3bb49e883c9bc1778d2		1.0003946022134225	489367682259658713219797060027121941842316030352408965336552382612961091241523181193864503251813973158843177715075558483147792374263107460726036071985906671027412772334239/489174652858890463331437497990055196481692349113946841822710926516208995552071403539321335879536730575186830247015917163149312527111369516838741789430536643621464600224000	0.7927321668909825	589/743	660077.875	5280623/8
relations_rule_only.r1.b0.s2	relations_rule_only	0	1	relations_rule_only.b0	True	16	590	743	0	16	0	fa2826e94692bab552d42167fb82a548f12bebe1598e7b2e7fb13c0f0d8e5dba		0.9981717311567055	48828031008213916058434652512567660744672603335540251297252656830442159216697456349474467591323656941767628881611040947868585087291822305033814037509052093823274883217473/48917465285889046333143749799005519648169234911394684182271092651620899555207140353932133587953673057518683024701591716314931252711136951683874178943053664362146460022400	0.7940780619111709	590/743	625933.9375	10014943/16
relations_rule_only.r1.b0.s3	relations_rule_only	0	1	relations_rule_only.b0	True	16	521	743	0	16	0	ccde697235c53ba4d929080b5367b2ba7aaf8eabf62143f0d58ad3fe59551c94		0.9931751952645922	1457508394114852876504552431191375901707630046923121353149649553986683892856280599868810039330287713795782501351200841275090601896367064005004711739540606677507481782472683/1467523958576671389994312493970165589445077047341840525468132779548626986656214210617964007638610191725560490741047751489447937581334108550516225368291609930864393800672000	0.7012113055181696	521/743	565020.9375	9040335/16
relations_rule_only.r1.b0.s4	relations_rule_only	0	1	relations_rule_only.b0	True	16	631	743	0	16	0	bffb866f2e72f03e3a1896fd7502b03e37413a3839dc1998e7dd447c1b8e44b9		0.9878884733870793	1449750003097271350632514615976744303490816949917610745284542264437663693985303684741479302635564126199904775097670327335417442693462227089569592138269913424664888069095471/1467523958576671389994312493970165589445077047341840525468132779548626986656214210617964007638610191725560490741047751489447937581334108550516225368291609930864393800672000	0.8492597577388964	631/743	557407.875	4459263/8
relations_rule_only.r1.b0.s5	relations_rule_only	0	1	relations_rule_only.b0	True	16	604	743	0	16	0	52c0210553b7c7717a6ec6ecf1b06b80e4a3a0969991adf0d9982b3f104f915e		0.9866371438112116	85171390997918224324596391663238830043872797293188582617110637765083605490397475794083138418612722003613062852384760632213258537126366849553753669127256585327702959219279/86324938739804199411430146704127387614416296902461207380478398796978058038600835918703765155212364219150617102414573617026349269490241679442130904017153525344964341216000	0.8129205921938089	604/743	658507.6875	10536123/16
relations_rule_only.r1.b0.s6	relations_rule_only	0	1	relations_rule_only.b0	True	16	591	743	0	16	0	b340ebdedf11ec4bcb295bd623218ca90409a167fa24e69e8e56c4efddcc8c8e		0.9891588804642744	404349402763287045122929527895128908952397209173917830377701669332181509391806662224671635011291541860320052770704554447190542215898412454448806062696182289808023993869/408781046957290080778360026175533590374673272240066998737641442771205288762176660339265740289306460090685373465472911278397754200928721044712040492560337028095931420800	0.7954239569313594	591/743	556768.1875	8908291/16
relations_rule_only.r1.b0.s7	relations_rule_only	0	1	relations_rule_only.b0	True	16	439	743	0	16	0	2b10638d0d3860cba1e5ce9d7a70f47cbec89e681bbe8d725d49da21635888ff		0.9919748062076759	30328058216962812271737645391240217523196583332129211548872446699923309248006249242987110962580988771986760151558090880005438054579216550548252727588334454824850816288499/30573415803680653958214843624378449780105771819621677613919432907263062222004462721207583492471045660949176890438494822696832032944460594802421361839408540226341537514000	0.5908479138627187	439/743	578229.0	578229
relations_rule_only.r1.b1.s0	relations_rule_only	1	1	relations_rule_only.b1	True	16	589	743	0	16	0	427f47065fc868dd343e6a3ac3244bba0e4c3b6eaa9ee3bb49e883c9bc1778d2		1.000432769079942	69912336074762732795152276351186039570977080574414225315200986693538984018437498973185960659498479499203496182460791374922894871102356520340073734932584221393719444645631/69882093265555780475919642570007885211670335587706691688958703788029856507438771934188762268505247225026690035287988166164187503873052788119820255632933806231637800032000	0.7927321668909825	589/743	660506.3125	10568101/16
relations_rule_only.r1.b1.s1	relations_rule_only	1	1	relations_rule_only.b1	True	16	590	743	0	16	0	fa2826e94692bab552d42167fb82a548f12bebe1598e7b2e7fb13c0f0d8e5dba		0.9981753115172228	20926374064446527680079973144926934131630506337313003092083871479712765803440476407101113024012987498901972999408259874413931327929782260233945723923454697582992569566749/20964627979666734142775892771002365563501100676312007506687611136408956952231631580256628680551574167508007010586396449849256251161915836435946076689880141869491340009600	0.7940780619111709	590/743	630050.5	1260101/2
relations_rule_only.r1.b1.s2	relations_rule_only	1	1	relations_rule_only.b1	True	16	541	743	0	16	0	8db9855efc96378049ef777b3fb11ce754cdc0f97cc67a493688a16ca7adf49d		0.993493026774426	72898740973516232373219347566485909157638014992823855688441305154598572917813620109740900480667205074597419952267439347125360925922672976856564865822177169949440438853869/73376197928833569499715624698508279472253852367092026273406638977431349332810710530898200381930509586278024537052387574472396879066705427525811268414580496543219690033600	0.7281292059219381	541/743	568872.125	4550977/8
relations_rule_only.r1.b1.s3	relations_rule_only	1	1	relations_rule_only.b1	True	16	612	743	0	16	0	0aaa5b22ac8fce0e7383b77703c0c4d5b8361794f254bb1a817605ea4722491f		0.9884712017119219	725302585437659523028360102993595627882854804993529968193038975519541179413174738919942201423854484514979228417001220739295349932028343918254806237888887749655034180685599/733761979288335694997156246985082794722538523670920262734066389774313493328107105308982003819305095862780245370523875744723968790667054275258112684145804965432196900336000	0.8236877523553163	612/743	565686.125	4525489/8
relations_rule_only.r1.b1.s4	relations_rule_only	1	1	relations_rule_only.b1	True	16	456	743	0	16	0	1cfdf49fb22f9dbf4dee161e8b27255c621dfc471fc147963bc5030e41d8f26e		0.9887490823155454	725506483659380142868204056941834701629636170173276740830785346431091999909890472537977430631953198083085372132508598653775799853204502571994868851267673938354498729699317/733761979288335694997156246985082794722538523670920262734066389774313493328107105308982003819305095862780245370523875744723968790667054275258112684145804965432196900336000	0.6137281292059219	456/743	737187.75	2948751/4
relations_rule_only.r1.b1.s5	relations_rule_only	1	1	relations_rule_only.b1	True	16	601	743	0	16	0	09daf9300e0a7bc00facadc1fbfc6ca3428ec1a62506b433d8e7b37dfcec83de		0.9956705265222194	730585176260003052338410492978424547778687760681631161038630058429654573742672258928964152995520062622927289731561920622598801774308310431365966233584849020702045877716463/733761979288335694997156246985082794722538523670920262734066389774313493328107105308982003819305095862780245370523875744723968790667054275258112684145804965432196900336000	0.8088829071332436	601/743	575937.5	1151875/2
relations_rule_only.r1.b1.s6	relations_rule_only	1	1	relations_rule_only.b1	True	16	594	743	0	16	0	54302c9a4ca8510a402aba6a6566f3fc00efb1eb43d75763bcb654dd01b9770a		0.9992915059043833	1466484226516843727891873068142703653288301436039941405767664834415108901162256614435269544179897001475732293554433280196625453262919315770011757400155814314466843552130909/1467523958576671389994312493970165589445077047341840525468132779548626986656214210617964007638610191725560490741047751489447937581334108550516225368291609930864393800672000	0.7994616419919246	594/743	615638.0625	9850209/16
relations_rule_only.r1.b1.s7	relations_rule_only	1	1	relations_rule_only.b1	True	16	349	743	0	16	0	830266c6c503c9968587f6038472ef7541d5c84ffa42836714cb71bfc169c2ec		0.9867250011500701	724021289857160755106863690086862121947269937718037436833377105581390091916245727565989711402887585638544898243941630929382997056915755723762405892173876571801579525194673/733761979288335694997156246985082794722538523670920262734066389774313493328107105308982003819305095862780245370523875744723968790667054275258112684145804965432196900336000	0.4697173620457604	349/743	510082.25	2040329/4
relations_rule_only.r2.b0.s0	relations_rule_only	0	2	relations_rule_only.b0	True	16	586	743	0	16	0	54c0a2b1e301d7c5f96faaebb48a569a93d0725464dea2025bba7b8c702a0e17		1.0002540329965206	12889900478300869040770741989043206784726618597665883064972119148425808817612750079746447264462120347110119461121489676618684944074167568209577690825581523598593/12886626849867155198425729073344124669667902693701169331619682335908973027795977198927746202096766758808376425446966490615480039617256140021775739885961612192000	0.7886944818304172	586/743	663132.0625	10610113/16
relations_rule_only.r2.b0.s1	relations_rule_only	0	2	relations_rule_only.b0	True	16	591	743	0	16	0	0b1c1828c292605620973b3ba34dd3ccdc4e0c18b44a31bdc051654da85c8117		0.9991379338878443	41893110168663025120751576546768803832088969540663728749137676048335236449130755982090771481995644509195914915094161209623162000287429169822937801349621314420292644921969/41929255959333468285551785542004731127002201352624015013375222272817913904463263160513257361103148335016014021172792899698512502323831672871892153379760283738982680019200	0.7954239569313594	591/743	618800.4375	9900807/16
relations_rule_only.r2.b0.s2	relations_rule_only	0	2	relations_rule_only.b0	True	16	586	743	0	16	0	a0127bfd878d0b5680cc7538aea355ec8480887080b94d062506656ac8f9bfa6		0.9989375535022539	1465964792886523125964481920430441364790497040203281299564669081354301065321920663364057692973398310534608632308739349486274629845930121077232017669464576112619203339549231/1467523958576671389994312493970165589445077047341840525468132779548626986656214210617964007638610191725560490741047751489447937581334108550516225368291609930864393800672000	0.7886944818304172	586/743	648130.6875	10370091/16
relations_rule_only.r2.b0.s3	relations_rule_only	0	2	relations_rule_only.b0	True	16	588	743	0	16	0	efe6612a6f1f1407aed8a496c3a10fec1fd375d9ac08dae67fe5e5640c7a83f5		0.9882643119230539	10593952878789255727186961974219549359913170347186890772761031772391969119867917564453141266788685540100985686432963520052513739527390701453709091743548873616553993449/10719756598489918772191999167051370641458864179737182342224068689680910646945662208036318801734199605004861180439942961522348136811328852296336900695341893884282528000	0.7913862718707941	588/743	555637.125	4445097/8
relations_rule_only.r2.b0.s4	relations_rule_only	0	2	relations_rule_only.b0	True	16	586	743	0	16	0	086fe5afa0b21d23cff892a3d9c770de2e72a00ff64f600a3da08f275538ffbe		0.9988798984480839	112760014054861203632766972346760224461646941231146718970563066237287182129564743289376825799177737389530052316990779614487794879230455558791124890608447190032153748461057/112886458352051645384177884151551199188082849795526194266779444580663614358170323893689539049123860901966191595465211653034456737025700657732017336022431533143414907744000	0.7886944818304172	586/743	678700.4375	10859207/16
relations_rule_only.r2.b0.s5	relations_rule_only	0	2	relations_rule_only.b0	True	16	586	743	0	16	0	17b7ba67205237f8f557b387e7b8e8a92620bd6ad31dcfbd5f7d64159ded04a5		0.9986813495980208	488529602506260054168276774317007209697153949756976338283465742317168749136742046357520073795514915076735339504640012198942177449887984767204878638345580195337880857322867/489174652858890463331437497990055196481692349113946841822710926516208995552071403539321335879536730575186830247015917163149312527111369516838741789430536643621464600224000	0.7886944818304172	586/743	556054.3125	8896869/16
relations_rule_only.r2.b0.s6	relations_rule_only	0	2	relations_rule_only.b0	True	16	578	743	0	16	0	d15d2e0ed988567e31b2fdb0675418b753388c374210272d359d7dba1d7ebb51		0.9990379742500057	1466112162739787046606164456457758057680652009929614355822531116225362802574555315084702403975043180489337262507661464092604930684186269762165822932497200894659217082174141/1467523958576671389994312493970165589445077047341840525468132779548626986656214210617964007638610191725560490741047751489447937581334108550516225368291609930864393800672000	0.7779273216689099	578/743	606914.25	2427657/4
relations_rule_only.r2.b0.s7	relations_rule_only	0	2	relations_rule_only.b0	True	16	458	743	0	16	0	e4af79e4e86b5f1c7bfebd81571f720844b6057f1e6f67e3a5b6a47705fd33ca		0.993481571778319	1317035238472531250044885013450182472304579993370738316827227028940080039765591719200498966782444805667351132050093231522379070188710262319847190735826347661704711290633/1325676566013253288161077230325352835993746203560831549655043161290539283338946893060491425147796017818934499314406279574930386252334334733980330052657280877022939296000	0.6164199192462988	458/743	707413.25	2829653/4
relations_rule_only.r2.b1.s0	relations_rule_only	1	2	relations_rule_only.b1	True	16	587	743	0	16	0	d146eb1cf1b5dfe113d8f33ee433614b166b58b01462f9c583be7e3e16d45f51		1.0005278558634236	11937386989454641349138446343228454006781791281019314832164787353258392345558397826457177367815411463491052985767912233278570301202529119644228291883393151982087805064221/11931089094119279593449695072928175523943715832047483946895388451614853550050522037544422826330164160370410493829656516174373476271009012605822970473915527893206453664000	0.7900403768506057	587/743	658399.25	2633597/4
relations_rule_only.r2.b1.s1	relations_rule_only	1	2	relations_rule_only.b1	True	16	592	743	0	16	0	3020fa006006ad2b590296dacc16aaeb3f8a56a0316795129365e25e6eedf203		0.9979050172730736	4102099499249586993505120243938953693164326958628601180050744390372718755580898924884074236352470474628195853182454013835073599158790818765522856984336510923964444720249/4110711368562104733877626033529875600686490328688628922879923752237050382790515996128750721676779248530981766781646362715540441404297222830577662096054929778331635296000	0.7967698519515478	592/743	543041.9375	8688671/16
relations_rule_only.r2.b1.s2	relations_rule_only	1	2	relations_rule_only.b1	True	16	578	743	0	16	0	d8c422341c84570155daa30b06fa63bd6a3682c9507392ef5a87388d35d06184		0.9989297077125815	615946755883279382457902520539338144381923085454048697899892966850229340273597858259001342945490004352565565025524476488856988909959400639901827912971314536862028630623/616606705284315710081643905029481340102973549303294338431988562835557557418577399419312608251516887279647265017246954407331066210644583424586649314408239466749745294400	0.7779273216689099	578/743	608205.5625	9731289/16
relations_rule_only.r2.b1.s3	relations_rule_only	1	2	relations_rule_only.b1	True	16	582	743	0	16	0	4d1f45cf1dd74af787937a780ef1380cf2664d9b7feebfd9c69bdda17f52e3f1		0.9899874868868319	48427678523251139330258561517562250795635530873837083066483231966321882777047023708231857456044214499324616714196153207773058427581969270322570391929302164806981404059601/48917465285889046333143749799005519648169234911394684182271092651620899555207140353932133587953673057518683024701591716314931252711136951683874178943053664362146460022400	0.7833109017496636	582/743	595637.0	595637
relations_rule_only.r2.b1.s4	relations_rule_only	1	2	relations_rule_only.b1	True	16	601	743	0	16	0	c4da08ad236e51812fb70da0e55b7db6d8f90807429d3fe4147dd6a2a799fdd4		0.9882750139322496	24719491070686881472474188530195838343771412754515285574557525107519493248995617017800834850472379260326055848012555944633020685919890079274139685315390239863624763231/25012765396476477135114664723119864830070683086053425465189493609255458176206545152084743870713132411678009421026533576885478985893100655358119434955797752396659232000	0.8088829071332436	601/743	561442.1875	8983075/16
relations_rule_only.r2.b1.s5	relations_rule_only	1	2	relations_rule_only.b1	True	16	586	743	0	16	0	91ed96a22c29781e202be36fb6824dc647b3010131c372f37ab7d616a518617c		0.9989402921569684	366492202981982759116101204104813386794775462160834855367586455534430444456147699174092795835515477733932345871681604147691741150316005193548719910643558966076338124610539/366880989644167847498578123492541397361269261835460131367033194887156746664053552654491001909652547931390122685261937872361984395333527137629056342072902482716098450168000	0.7886944818304172	586/743	650967.4375	10415479/16
relations_rule_only.r2.b1.s6	relations_rule_only	1	2	relations_rule_only.b1	True	16	458	743	0	16	0	b8560c9e047776a5edd31ef8ffe3dcf803613397427f2d6565687e605c086654		0.993334426926975	20246417644366163716753819114267396459593860368389962512008049358729662611504984733335547160205980959219521095413359638050678217137691272185601970508030770931067763335397/20382277202453769305476562416252299853403847879747785075946288604842041481336308480805055661647363773966117926958996548464554688629640396534947574559605693484227691676000	0.6164199192462988	458/743	704473.625	5635789/8
relations_rule_only.r2.b1.s7	relations_rule_only	1	2	relations_rule_only.b1	True	16	603	743	0	16	0	43c6d8586a4982c74671ca902e61505a51dd6c650a49f236e5fdbcaf753f5b2d		0.9988091994774557	21877260153432118975773583667618485793863987836590886795970361501355148044393102471098648066177383836801249982620744428842998411387221817838339632022689108331802545024511/21903342665323453582004664089106949096195179811072246648778101187292940099346480755492000114009107339187470011060414201335043844497524008216660080123755372102453638816000	0.8115746971736204	603/743	601671.3125	9626741/16
witness_joint.r1.b0.s0	witness_joint	0	1	witness_joint.b0	True	16	588	743	0	16	0	c030ac25e6f630a5db6e3bc6ff7006cc89c843193d6738688d86b5381a75e84e		0.9988954882340656	10622485949982846508151934827503280205372636267917392554123738963702965458469393253860708690121932622216240326167300354849844020573431813813663820181405263190466593324743/10634231583888923115900815173696852097428094545955366126580672315569760772871117468246115997381233273373626744500346025285854620154594989496494386726750796600466621744000	0.7913862718707941	588/743	618992.25	2475969/4
witness_joint.r1.b0.s1	witness_joint	0	1	witness_joint.b0	True	16	485	743	0	16	0	8a21018516ba6dd83691c27eb63d4d759ff1e796f769f0dc430e552c6647e84b		0.9910038137961497	103880131413336004697909130296683498324753962520973001283580852743999821040493601387167428567516569479829731154623431889905349299372997135292234932521075146444314968246393/104823139898333670713879463855011827817505503381560037533438055682044784761158157901283143402757870837540035052931982249246281255809579182179730383449400709347456700048000	0.6527590847913862	485/743	591777.6875	9468443/16
witness_joint.r1.b0.s2	witness_joint	0	1	witness_joint.b0	True	16	571	743	0	16	0	5f5832d781fceafa585b57a4d1996c06eef850b0f3b991228eb6b87ed39d5295		0.9872940049694321	6439456028674474881563424955771562483555331648298923782931552431099065127446316798123695844152252278390831588829963235966620605668898232735838274263059835352092434271447/6522328704785206177752499973200735953089231321519291224302812353549453274027618713857617811727156407669157736626878895508657500361484926891183223859073821914952861336320	0.7685060565275909	571/743	980664.125	7845313/8
witness_joint.r1.b0.s3	witness_joint	0	1	witness_joint.b0	True	16	609	743	0	16	0	7b80f8eefc17777a81ab5f87470605b422fd619971e3416ccde4e66828681de2		0.987809707375572	3501532396348461231355154476886512820395874222679665835949565577054430268124175117364168031946135151630743409681192247852750508662417091202673086770845950968368463343717/3544743861296307705300271724565617365809364848651788708860224105189920257623705822748705332460411091124542248166782008428618206718198329832164795575583598866822207248000	0.819650067294751	609/743	1285374.625	10282997/8
witness_joint.r1.b0.s4	witness_joint	0	1	witness_joint.b0	True	16	597	743	0	16	0	4898588e932a99183a14e9dc5368a6a8089cbe090b9a7407184c91a584ce9f0f		0.9873139275421411	22998521322294028986809635589843827624615485860765647500311867968442766121521398438127467850734489078630525723857212982273032278743335080183889482090102857156679392765807/23294031088518593491973214190002628403890111862568897229652901262676618835812923978062920756168415741675563345095996055388062501291017596039940085210977935410545933344000	0.8034993270524899	597/743	10037737.9375	160603807/16
witness_joint.r1.b0.s5	witness_joint	0	1	witness_joint.b0	True	16	684	743	0	16	0	22ef82663a277dec566aeca9f5e28d306cd3c1ccc7d9dc94dbbad02bb3281af4		0.9852296750990943	11121908868527927867499213069535212442109810803977616857000218579989402744658903694036125528481210464244759036120822283735289766626204555219837671087818693401968343468051/11288645835205164538417788415155119918808284979552619426677944458066361435817032389368953904912386090196619159546521165303445673702570065773201733602243153314341490774400	0.9205921938088829	684/743	1346919.1875	21550707/16
witness_joint.r1.b0.s6	witness_joint	0	1	witness_joint.b0	True	16	710	743	0	16	0	080d59b8030be36dd9f5779e8378b394292664ac52239821e979ef55dd41ac82		0.985187322302934	55607153814059724083662428793873775832876261614738561933634805049725310113776389089505897489657760862361137877176292539604068632379155201530057210622033955636273311842479/56443229176025822692088942075775599594041424897763097133389722290331807179085161946844769524561930450983095797732605826517228368512850328866008668011215766571707453872000	0.955585464333782	710/743	982404.4375	15718471/16
witness_joint.r1.b0.s7	witness_joint	0	1	witness_joint.b0	True	16	602	743	0	16	0	beffaac776509b112a707b8261e87ae7695e7973fb783e8668d85b0c10d4d52b		0.9861313189590339	144717133687519567418928360653372665441623287043183741435357420815365454229249879415240276977413113585811249150487676667271129708022322133055844707115972057664952343563103/146752395857667138999431249397016558944507704734184052546813277954862698665621421061796400763861019172556049074104775148944793758133410855051622536829160993086439380067200	0.8102288021534321	602/743	3760052.4375	60160839/16
witness_joint.r1.b1.s0	witness_joint	1	1	witness_joint.b1	True	16	562	743	0	16	0	6b54aa1d9e638900de680117544872276ab41c87b9fa2ad39f8814db7f2756ba		0.9988666482957933	10858227687387069490204250436547969367915433018719647771492198674537844486193085758745621589366323118718746735108738287426661716124409361950069641498283965743752675072803/10870547841308676962920833288667893255148718869198818707171353922582422123379364523096029686211927346115262894378131492514429167269141544818638706431789703191588102227200	0.756393001345895	562/743	663628.1875	10618051/16
witness_joint.r1.b1.s1	witness_joint	1	1	witness_joint.b1	True	16	495	743	0	16	0	e92d2abdcca981c4722aa6cbb9ca435336969a93e4671bd9c4724743b45989d1		0.9909113286738668	1598006720498837492674174367512539519242164378331255235653455291250696785754923664832302752436784772896501166399236324429771490282550071098894231609039479068936164297163/1612663690743594934059684059307874274115469282793231346668277779723765919402433198481279129273198012885231308506645880757635096243224295110457390514606164759191641539200	0.6662180349932705	495/743	574543.125	4596345/8
witness_joint.r1.b1.s2	witness_joint	1	1	witness_joint.b1	True	16	520	743	0	16	0	ad025e26bd8d617758c2af17981a4bdd7b60691b6ab102b170a983132d46f4e4		0.9865306090763468	1447757304688775113476958659187988267027569617074581199228995454173356697474473744640506300518365107907162609514180856828307547605890458424877211650953267387957106702221151/1467523958576671389994312493970165589445077047341840525468132779548626986656214210617964007638610191725560490741047751489447937581334108550516225368291609930864393800672000	0.6998654104979811	520/743	906083.625	7248669/8
witness_joint.r1.b1.s3	witness_joint	1	1	witness_joint.b1	True	16	608	743	0	16	0	3e04b4cc11aac7e4c47653ab10d51705ec609b77d1f7eb692d74276d66e41373		0.9870489999052144	6466598462723414312247750361847945557343640115297446810311191849340249085545279481532084581692399901461150524710274741013437508647132743386994167515094160219490679307359/6551446243645854419617466490938239238594093961347502345839878480127799047572384868830196462672366927346252190808248890577892578488098698886233148965587544334216043753000	0.8183041722745625	608/743	9507735.875	76061887/8
witness_joint.r1.b1.s4	witness_joint	1	1	witness_joint.b1	True	16	617	743	0	16	0	ce67d486ea5084652b2422653a0d26553e9bd48b0f508ef765c7617e81120f7d		0.9860129096967913	144699756844593720757552895056585536439854104396899540750603120973088540791650415051162427961190562808809713992134837495632710875084517857030881013086560291219924469967953/146752395857667138999431249397016558944507704734184052546813277954862698665621421061796400763861019172556049074104775148944793758133410855051622536829160993086439380067200	0.8304172274562585	617/743	3873823.4375	61981175/16
witness_joint.r1.b1.s5	witness_joint	1	1	witness_joint.b1	True	16	704	743	0	16	0	e6c2ab8b6126e67e9da6debac90176285bfa3553abbd3140a6629f4c36148d57		0.9850773494405441	7942992370083529200121858529929079906346770581647896077729297873517979600756571846026184137705957384491588681830681166820812022670386566286119890809056266311854858319997/8063318453717974670298420296539371370577346413966156733341388898618829597012165992406395646365990064426156542533229403788175481216121475552286952573030823795958207696000	0.9475100942126514	704/743	1010041.625	8080333/8
witness_joint.r1.b1.s6	witness_joint	1	1	witness_joint.b1	True	16	700	743	0	16	0	882e7a9d6d84b7ac434ab36e4f28cc0110cc4e4af7e912d4ad219c3144c0110f		0.9857530560297122	41331892198964990035647553998356021089010920394778671775525087303333560628214860914185983641522996419755203842712763208624244177175748045159569602851638348027754668884953/41929255959333468285551785542004731127002201352624015013375222272817913904463263160513257361103148335016014021172792899698512502323831672871892153379760283738982680019200	0.9421265141318977	700/743	1343561.0	1343561
witness_joint.r1.b1.s7	witness_joint	1	1	witness_joint.b1	True	16	700	743	0	16	0	2e994bc392a42012e013dc539c811a9dae7c6bf060c7c84587e76dd4c55d81b9		0.9852435649863082	55610328332726883650138674858461757410984093519850949899490181457149352168360754581246613939800558922391371140998156797829002875832195293444470597818524522084349384394229/56443229176025822692088942075775599594041424897763097133389722290331807179085161946844769524561930450983095797732605826517228368512850328866008668011215766571707453872000	0.9421265141318977	700/743	998775.5	1997551/2
witness_joint.r2.b0.s0	witness_joint	0	2	witness_joint.b0	True	16	585	743	0	16	0	a4b2159d3199ef23b1751439ba5b2a6b5ee214a77249ba3a94d27e0c16aa3828		0.9989364199152059	104711652094312219712636680268694533138778482515051132257752530684148330560217317486430167514517861983278305938785085854713082640938126183300879795683960110429895337650673/104823139898333670713879463855011827817505503381560037533438055682044784761158157901283143402757870837540035052931982249246281255809579182179730383449400709347456700048000	0.7873485868102288	585/743	643932.125	5151457/8
witness_joint.r2.b0.s1	witness_joint	0	2	witness_joint.b0	True	16	586	743	0	16	0	23df3cb817cec2099f5dd38425c339165710b96aab922cd524735c054d7ede95		0.9882046477498356	3040280915198540830575482551215670266825207080311038815256742615962207911960940579037766348251153206865961774565518587562674999297726526230639520261501725235227366415863/3076570143766606687619103760943743374098694019584571332218307713938421355673405053706423496097715286636395158786263629956913915264851380609048690499563123544789085536000	0.7886944818304172	586/743	645396.0625	10326337/16
witness_joint.r2.b0.s2	witness_joint	0	2	witness_joint.b0	True	16	609	743	0	16	0	7f1dc95972fa31461342335a16c871936889f6b186c1720c9d718f4e69c8183f		0.9985704465571746	209346579235608485202548315384791715129075086807012842962083840656713283407512473259152876256425558036927770324507273884807892270467690374352181701758959841939484964394211/209646279796667341427758927710023655635011006763120075066876111364089569522316315802566286805515741675080070105863964498492562511619158364359460766898801418694913400096000	0.819650067294751	609/743	618605.375	4948843/8
witness_joint.r2.b0.s3	witness_joint	0	2	witness_joint.b0	True	16	591	743	0	16	0	e9428bea1cff0daca56c9d9d1888c2cbd90ced09799b5152b058dfbdc80ee2e1		0.9866219726886797	482630460992938612003765576763915649350666543654568936512360334246885238993901529694171412029131222044499016154060586918923757130875849247194852931069769060833254893012087/489174652858890463331437497990055196481692349113946841822710926516208995552071403539321335879536730575186830247015917163149312527111369516838741789430536643621464600224000	0.7954239569313594	591/743	16622712.3125	265963397/16
witness_joint.r2.b0.s4	witness_joint	0	2	witness_joint.b0	True	16	586	743	0	16	0	771a4d02a80bd84f7fb4a8adc7f9a1cca470af2910c3a53b780e88eede84d9d5		0.9861147314869758	96476466290835874634411975471046757805039548677050700686606061032418375904180039412168471918394496867759715435276718236522791404508936258502748656536484949291771722074261/97834930571778092666287499598011039296338469822789368364542185303241799110414280707864267175907346115037366049403183432629862505422273903367748357886107328724292920044800	0.7886944818304172	586/743	745244.125	5961953/8
witness_joint.r2.b0.s5	witness_joint	0	2	witness_joint.b0	True	16	587	743	0	16	0	0d9e9f2701e7a0e3b8b2b89471f4ba884b49b84054992666c5a8e12b39706ee7		0.9852549304918251	1588884852530270830207149879299061897023588341296392280555650913910322740610213661389953125032509411024211641853267238614021403208851672427422146971167068802315095986193/1612663690743594934059684059307874274115469282793231346668277779723765919402433198481279129273198012885231308506645880757635096243224295110457390514606164759191641539200	0.7900403768506057	587/743	1329173.75	5316695/4
witness_joint.r2.b0.s6	witness_joint	0	2	witness_joint.b0	True	16	587	743	0	16	0	e6ff51bc527e221b8f36a16273a243e7a154e2b3b2090e6d327d6c6e648a4846		0.9853048330503124	1588965328574418316109445824508766757102298073234363986629643629851211505575500153682009501031476710077071787719157713361541668081100394177382270625205988105493118162093/1612663690743594934059684059307874274115469282793231346668277779723765919402433198481279129273198012885231308506645880757635096243224295110457390514606164759191641539200	0.7900403768506057	587/743	3373817.1875	53981075/16
witness_joint.r2.b0.s7	witness_joint	0	2	witness_joint.b0	True	16	684	743	0	16	0	af9bd13f2f355d758cfa33e0df3a9c1977fbee44424d587e37013010efb16b21		0.9851797856739086	11121345684476084677761127982194938911443673374807846215132684544998532833195166587154283738357307444477057189830806644244631000028948670034642009434021074058520625140651/11288645835205164538417788415155119918808284979552619426677944458066361435817032389368953904912386090196619159546521165303445673702570065773201733602243153314341490774400	0.9205921938088829	684/743	1233704.5	2467409/2
witness_joint.r2.b1.s0	witness_joint	1	2	witness_joint.b1	True	16	590	743	0	16	0	ec67aedcdc1fbf24d47da65d223bda6b1b94fbdf21e6506ffcfe761f0e322892		0.997343276541623	243937525541698415484070407043459318428748963627801180588377980788136392184331469999725600330807443500808285534826866212989916841945219531326101492305629960528851522030323/244587326429445231665718748995027598240846174556973420911355463258104497776035701769660667939768365287593415123507958581574656263555684758419370894715268321810732300112000	0.7940780619111709	590/743	551451.3125	8823221/16
witness_joint.r2.b1.s1	witness_joint	1	2	witness_joint.b1	True	16	589	743	0	16	0	98c90e51da51c2bb42d46743c67922903b996a9a33ac0bcb182697b164e30e4c		0.9988127305901429	1465781612272420843972107203377304071690562717472110521284015868307990286746868977690168786677670201494461320938037226499015340370420468648125664023971361799827902119419333/1467523958576671389994312493970165589445077047341840525468132779548626986656214210617964007638610191725560490741047751489447937581334108550516225368291609930864393800672000	0.7927321668909825	589/743	606249.6875	9699995/16
witness_joint.r2.b1.s2	witness_joint	1	2	witness_joint.b1	True	16	585	743	0	16	0	0a74cda0ed321cb1b8fa222b5d5b3e4464134ad7c388c41d8d6145de7400e01f		0.9987828344822648	91608608688615100448595038545857464960137222097095226769065859308354247765059265720781670356545486070392842116509353674997895133345537694559836416209314613946869900396821/91720247411041961874644530873135349340317315458865032841758298721789186666013388163622750477413136982847530671315484468090496098833381784407264085518225620679024612542000	0.7873485868102288	585/743	644872.0	644872
witness_joint.r2.b1.s3	witness_joint	1	2	witness_joint.b1	True	16	586	743	0	16	0	4b419b3271dca99f5a81617f59da6d15a3534b6afb9bcc18f5b8ee288606b095		0.9888084625764809	13436112122910645254745266645400450418930272285400769982811622373082330816721092062582277275518864769263330397359016266427377467621519626983511518485216886731792386049147/13588184801635846203651041610834866568935898586498523383964192403228027654224205653870037107764909182644078617972664365643036459086426931023298383039737128989485127784000	0.7886944818304172	586/743	547784.1875	8764547/16
witness_joint.r2.b1.s4	witness_joint	1	2	witness_joint.b1	True	16	587	743	0	16	0	8ae2eb2eaf53379bff67159dd9c1c4da6f444c22fe5e310eb78ac29ead603396		0.9853213413092756	1588991950844245860863151265675674194559366703653604723977554182156866129523014504124412380145148517551668617672869735960488881473994169783912583795021612475879366489193/1612663690743594934059684059307874274115469282793231346668277779723765919402433198481279129273198012885231308506645880757635096243224295110457390514606164759191641539200	0.7900403768506057	587/743	1325325.875	10602607/8
witness_joint.r2.b1.s5	witness_joint	1	2	witness_joint.b1	True	16	595	743	0	16	0	51f20fc201fbb4110872a7a2ecfcf112a6d8829e715bedce35327eba93373a7a		0.9850530154320569	55599573100566889213096567215140185271209167803310995078689410735559840424655302466040553283565324463276473070095770077309562026368425222390782610482996711602978582113979/56443229176025822692088942075775599594041424897763097133389722290331807179085161946844769524561930450983095797732605826517228368512850328866008668011215766571707453872000	0.800807537012113	595/743	988511.5625	15816185/16
witness_joint.r2.b1.s6	witness_joint	1	2	witness_joint.b1	True	16	657	743	0	16	0	c3fdf4b4008b3476124bf389d64273c30108600286dece3b76bde85da4eb5669		0.9852585574009405	11122234910604374959818836736177270169098096534323512133133421734370555300401962222641361151277848713744723432773812678364701415590921291110589329950617117815726237863451/11288645835205164538417788415155119918808284979552619426677944458066361435817032389368953904912386090196619159546521165303445673702570065773201733602243153314341490774400	0.8842530282637954	657/743	1308895.875	10471167/8
witness_joint.r2.b1.s7	witness_joint	1	2	witness_joint.b1	True	16	650	743	0	16	0	b6efced3389e26422fd528c8d633fa094d6e341b738f24b6f91db9ac081b26bf		0.9851335392577042	55604118125312032034593429534597970611690854192685863330680357667396633957212301088897813791960526460070623708947091194669449920758491395725983859335999855707426392146979/56443229176025822692088942075775599594041424897763097133389722290331807179085161946844769524561930450983095797732605826517228368512850328866008668011215766571707453872000	0.8748317631224765	650/743	998594.1875	15977507/16
