iteration	scope	group	paid_new_candidates	cumulative_paid_pool	eligible_pool	unique_executable_contents	shortlist_count	shortlist_ids	status	highest_Q_id	highest_Q	highest_Q_exact	highest_Q_Q	highest_Q_G	highest_Q_C	highest_G_id	highest_G	highest_G_exact	highest_G_Q	highest_G_G	highest_G_C	lowest_C_id	lowest_C	lowest_C_exact	lowest_C_Q	lowest_C_G	lowest_C_C
1	TRAIN_only	nonllm_grammar	32	32	32	32	4	nonllm_grammar.base.s0|nonllm_grammar.residual.s1|nonllm_grammar.local.s7|nonllm_grammar.local.s6	recorded_bounded_pool_not_TEST_adoption	nonllm_grammar.base.s0	1.0003903592634094	1468096820148176930079579359769753242212133222270182030658881042317471631442504153862646350695798532657024489705551798418187082583701120141609673535887550851702440387641567/1467523958576671389994312493970165589445077047341840525468132779548626986656214210617964007638610191725560490741047751489447937581334108550516225368291609930864393800672000	1.0003903592634094	0.7927321668909825	659561.375	nonllm_grammar.residual.s1	0.9676985195154778	719/743	0.9852189611137228	0.9676985195154778	970197.625	nonllm_grammar.local.s7	529385.75	2117543/4	0.9975324283062185	0.7900403768506057	529385.75
1	TRAIN_only	relations_joint.b0	8	8	8	8	4	relations_joint.r1.b0.s1|relations_joint.r1.b0.s7|relations_joint.r1.b0.s0|relations_joint.r1.b0.s4	recorded_bounded_pool_not_TEST_adoption	relations_joint.r1.b0.s1	0.9944550274061036	58375463137819097546545408815505593797923896361541465666757710310182025114437838261425711680030968915862966760545205067063295049014671822755724453722919932901481316015963/58700958343066855599772499758806623577803081893673621018725311181945079466248568424718560305544407669022419629641910059577917503253364342020649014731664397234575752026880	0.9944550274061036	0.6164199192462988	692862.875	relations_joint.r1.b0.s7	0.927321668909825	689/743	0.9855639743467043	0.927321668909825	1329584.9375	relations_joint.r1.b0.s0	648101.375	5184811/8	0.9923927133869399	0.800807537012113	648101.375
1	TRAIN_only	relations_joint.b1	8	8	8	8	4	relations_joint.r1.b1.s0|relations_joint.r1.b1.s7|relations_joint.r1.b1.s1|relations_joint.r1.b1.s4	recorded_bounded_pool_not_TEST_adoption	relations_joint.r1.b1.s0	1.0003764345960422	2075527929348396813528391508523013370036014441552006201681881138420633620761888980896682843718356648667898537116363566037312092898347220272240464950890095735307707/2074746922828611986946542380808404071816532333685888262390768856081344657475152329027367138537579448168148604496961604989092286378378238543505894121639819562912000	1.0003764345960422	0.7927321668909825	654525.625	relations_joint.r1.b1.s7	0.9421265141318977	700/743	0.9858550922799989	0.9421265141318977	1387902.4375	relations_joint.r1.b1.s1	639846.375	5118771/8	0.9957589385318352	0.7994616419919246	639846.375
1	TRAIN_only	relations_rule_only.b0	8	8	8	8	4	relations_rule_only.r1.b0.s1|relations_rule_only.r1.b0.s4|relations_rule_only.r1.b0.s6|relations_rule_only.r1.b0.s2	recorded_bounded_pool_not_TEST_adoption	relations_rule_only.r1.b0.s1	1.0003946022134225	489367682259658713219797060027121941842316030352408965336552382612961091241523181193864503251813973158843177715075558483147792374263107460726036071985906671027412772334239/489174652858890463331437497990055196481692349113946841822710926516208995552071403539321335879536730575186830247015917163149312527111369516838741789430536643621464600224000	1.0003946022134225	0.7927321668909825	660077.875	relations_rule_only.r1.b0.s4	0.8492597577388964	631/743	0.9878884733870793	0.8492597577388964	557407.875	relations_rule_only.r1.b0.s6	556768.1875	8908291/16	0.9891588804642744	0.7954239569313594	556768.1875
1	TRAIN_only	relations_rule_only.b1	8	8	8	8	4	relations_rule_only.r1.b1.s0|relations_rule_only.r1.b1.s3|relations_rule_only.r1.b1.s7|relations_rule_only.r1.b1.s5	recorded_bounded_pool_not_TEST_adoption	relations_rule_only.r1.b1.s0	1.000432769079942	69912336074762732795152276351186039570977080574414225315200986693538984018437498973185960659498479499203496182460791374922894871102356520340073734932584221393719444645631/69882093265555780475919642570007885211670335587706691688958703788029856507438771934188762268505247225026690035287988166164187503873052788119820255632933806231637800032000	1.000432769079942	0.7927321668909825	660506.3125	relations_rule_only.r1.b1.s3	0.8236877523553163	612/743	0.9884712017119219	0.8236877523553163	565686.125	relations_rule_only.r1.b1.s7	510082.25	2040329/4	0.9867250011500701	0.4697173620457604	510082.25
1	TRAIN_only	witness_joint.b0	8	8	8	8	4	witness_joint.r1.b0.s0|witness_joint.r1.b0.s6|witness_joint.r1.b0.s1|witness_joint.r1.b0.s3	recorded_bounded_pool_not_TEST_adoption	witness_joint.r1.b0.s0	0.9988954882340656	10622485949982846508151934827503280205372636267917392554123738963702965458469393253860708690121932622216240326167300354849844020573431813813663820181405263190466593324743/10634231583888923115900815173696852097428094545955366126580672315569760772871117468246115997381233273373626744500346025285854620154594989496494386726750796600466621744000	0.9988954882340656	0.7913862718707941	618992.25	witness_joint.r1.b0.s6	0.955585464333782	710/743	0.985187322302934	0.955585464333782	982404.4375	witness_joint.r1.b0.s1	591777.6875	9468443/16	0.9910038137961497	0.6527590847913862	591777.6875
1	TRAIN_only	witness_joint.b1	8	8	8	8	4	witness_joint.r1.b1.s0|witness_joint.r1.b1.s5|witness_joint.r1.b1.s1|witness_joint.r1.b1.s7	recorded_bounded_pool_not_TEST_adoption	witness_joint.r1.b1.s0	0.9988666482957933	10858227687387069490204250436547969367915433018719647771492198674537844486193085758745621589366323118718746735108738287426661716124409361950069641498283965743752675072803/10870547841308676962920833288667893255148718869198818707171353922582422123379364523096029686211927346115262894378131492514429167269141544818638706431789703191588102227200	0.9988666482957933	0.756393001345895	663628.1875	witness_joint.r1.b1.s5	0.9475100942126514	704/743	0.9850773494405441	0.9475100942126514	1010041.625	witness_joint.r1.b1.s1	574543.125	4596345/8	0.9909113286738668	0.6662180349932705	574543.125
2	TRAIN_only	nonllm_grammar	0	32	32	32	4	nonllm_grammar.base.s0|nonllm_grammar.residual.s1|nonllm_grammar.local.s7|nonllm_grammar.local.s6	recorded_bounded_pool_not_TEST_adoption	nonllm_grammar.base.s0	1.0003903592634094	1468096820148176930079579359769753242212133222270182030658881042317471631442504153862646350695798532657024489705551798418187082583701120141609673535887550851702440387641567/1467523958576671389994312493970165589445077047341840525468132779548626986656214210617964007638610191725560490741047751489447937581334108550516225368291609930864393800672000	1.0003903592634094	0.7927321668909825	659561.375	nonllm_grammar.residual.s1	0.9676985195154778	719/743	0.9852189611137228	0.9676985195154778	970197.625	nonllm_grammar.local.s7	529385.75	2117543/4	0.9975324283062185	0.7900403768506057	529385.75
2	TRAIN_only	relations_joint.b0	8	16	16	16	4	relations_joint.r2.b0.s0|relations_joint.r1.b0.s7|relations_joint.r2.b0.s6|relations_joint.r2.b0.s2	recorded_bounded_pool_not_TEST_adoption	relations_joint.r2.b0.s0	0.9986553380851957	183193829375063813898324197284775761516172706470371491990559156590565294469641638847244542402513652724904985908319868264503142940725861280504998328628643065166421127325529/183440494822083923749289061746270698680634630917730065683516597443578373332026776327245500954826273965695061342630968936180992197666763568814528171036451241358049225084000	0.9986553380851957	0.7940780619111709	609300.8125	relations_joint.r1.b0.s7	0.927321668909825	689/743	0.9855639743467043	0.927321668909825	1329584.9375	relations_joint.r2.b0.s6	558229.6875	8931675/16	0.9886914606930282	0.7886944818304172	558229.6875
2	TRAIN_only	relations_joint.b1	8	16	16	16	4	relations_joint.r1.b1.s0|relations_joint.r1.b1.s7|relations_joint.r2.b1.s2|relations_joint.r2.b1.s1	recorded_bounded_pool_not_TEST_adoption	relations_joint.r1.b1.s0	1.0003764345960422	2075527929348396813528391508523013370036014441552006201681881138420633620761888980896682843718356648667898537116363566037312092898347220272240464950890095735307707/2074746922828611986946542380808404071816532333685888262390768856081344657475152329027367138537579448168148604496961604989092286378378238543505894121639819562912000	1.0003764345960422	0.7927321668909825	654525.625	relations_joint.r1.b1.s7	0.9421265141318977	700/743	0.9858550922799989	0.9421265141318977	1387902.4375	relations_joint.r2.b1.s2	556770.5625	8908329/16	0.9984540449112329	0.7994616419919246	556770.5625
2	TRAIN_only	relations_rule_only.b0	8	16	16	16	4	relations_rule_only.r1.b0.s1|relations_rule_only.r1.b0.s4|relations_rule_only.r2.b0.s3|relations_rule_only.r1.b0.s6	recorded_bounded_pool_not_TEST_adoption	relations_rule_only.r1.b0.s1	1.0003946022134225	489367682259658713219797060027121941842316030352408965336552382612961091241523181193864503251813973158843177715075558483147792374263107460726036071985906671027412772334239/489174652858890463331437497990055196481692349113946841822710926516208995552071403539321335879536730575186830247015917163149312527111369516838741789430536643621464600224000	1.0003946022134225	0.7927321668909825	660077.875	relations_rule_only.r1.b0.s4	0.8492597577388964	631/743	0.9878884733870793	0.8492597577388964	557407.875	relations_rule_only.r2.b0.s3	555637.125	4445097/8	0.9882643119230539	0.7913862718707941	555637.125
2	TRAIN_only	relations_rule_only.b1	8	16	16	16	4	relations_rule_only.r2.b1.s0|relations_rule_only.r1.b1.s3|relations_rule_only.r1.b1.s7|relations_rule_only.r2.b1.s7	recorded_bounded_pool_not_TEST_adoption	relations_rule_only.r2.b1.s0	1.0005278558634236	11937386989454641349138446343228454006781791281019314832164787353258392345558397826457177367815411463491052985767912233278570301202529119644228291883393151982087805064221/11931089094119279593449695072928175523943715832047483946895388451614853550050522037544422826330164160370410493829656516174373476271009012605822970473915527893206453664000	1.0005278558634236	0.7900403768506057	658399.25	relations_rule_only.r1.b1.s3	0.8236877523553163	612/743	0.9884712017119219	0.8236877523553163	565686.125	relations_rule_only.r1.b1.s7	510082.25	2040329/4	0.9867250011500701	0.4697173620457604	510082.25
2	TRAIN_only	witness_joint.b0	8	16	16	16	4	witness_joint.r2.b0.s0|witness_joint.r1.b0.s6|witness_joint.r1.b0.s1|witness_joint.r2.b0.s2	recorded_bounded_pool_not_TEST_adoption	witness_joint.r2.b0.s0	0.9989364199152059	104711652094312219712636680268694533138778482515051132257752530684148330560217317486430167514517861983278305938785085854713082640938126183300879795683960110429895337650673/104823139898333670713879463855011827817505503381560037533438055682044784761158157901283143402757870837540035052931982249246281255809579182179730383449400709347456700048000	0.9989364199152059	0.7873485868102288	643932.125	witness_joint.r1.b0.s6	0.955585464333782	710/743	0.985187322302934	0.955585464333782	982404.4375	witness_joint.r1.b0.s1	591777.6875	9468443/16	0.9910038137961497	0.6527590847913862	591777.6875
2	TRAIN_only	witness_joint.b1	8	16	16	16	4	witness_joint.r1.b1.s0|witness_joint.r1.b1.s5|witness_joint.r2.b1.s3|witness_joint.r2.b1.s0	recorded_bounded_pool_not_TEST_adoption	witness_joint.r1.b1.s0	0.9988666482957933	10858227687387069490204250436547969367915433018719647771492198674537844486193085758745621589366323118718746735108738287426661716124409361950069641498283965743752675072803/10870547841308676962920833288667893255148718869198818707171353922582422123379364523096029686211927346115262894378131492514429167269141544818638706431789703191588102227200	0.9988666482957933	0.756393001345895	663628.1875	witness_joint.r1.b1.s5	0.9475100942126514	704/743	0.9850773494405441	0.9475100942126514	1010041.625	witness_joint.r2.b1.s3	547784.1875	8764547/16	0.9888084625764809	0.7886944818304172	547784.1875
