source_id,source_group,split,ground_gap_seconds,contacts,edges,mean_degree,edge_growth_from_g340,duration_min_s,duration_q25_s,duration_median_s,duration_q75_s,duration_max_s,duration_reward_identical_across_configs,component_count
CP-AP-r000,CP-SOURCE-r000,train,340,12479,80313,12.871704463498677,0.0,8.96056,361.0394225,479.407046,540.4500945,560.09041,True,1
CP-AP-r000,CP-SOURCE-r000,train,680,12479,104951,16.820418302748617,0.3067747438148245,8.96056,361.0394225,479.407046,540.4500945,560.09041,True,1
CP-AP-r000,CP-SOURCE-r000,train,1200,12479,126467,20.268771536180783,0.5746765778890093,8.96056,361.0394225,479.407046,540.4500945,560.09041,True,1
CP-AP-r000,CP-SOURCE-r000,train,1800,12479,161182,25.832518631300584,1.0069229140985891,8.96056,361.0394225,479.407046,540.4500945,560.09041,True,1
CP-AP-r001,CP-SOURCE-r001,train,340,12465,80289,12.88231046931408,0.0,6.364535,360.664949,479.537459,540.624207,560.084921,True,1
CP-AP-r001,CP-SOURCE-r001,train,680,12465,104866,16.82567188126755,0.3061066895838782,6.364535,360.664949,479.537459,540.624207,560.084921,True,1
CP-AP-r001,CP-SOURCE-r001,train,1200,12465,126360,20.27436823104693,0.5738145947763704,6.364535,360.664949,479.537459,540.624207,560.084921,True,1
CP-AP-r001,CP-SOURCE-r001,train,1800,12465,161050,25.840352988367428,1.0058787629687753,6.364535,360.664949,479.537459,540.624207,560.084921,True,1
CP-AU-r000,CP-SOURCE-r000,train,340,12467,84132,13.496751423758724,0.0,12.786678,361.3527385,479.672465,540.4695745,560.090655,True,1
CP-AU-r000,CP-SOURCE-r000,train,680,12467,102713,16.477580813347238,0.22085532258831364,12.786678,361.3527385,479.672465,540.4695745,560.090655,True,1
CP-AU-r000,CP-SOURCE-r000,train,1200,12467,128790,20.66094489452154,0.530808729139923,12.786678,361.3527385,479.672465,540.4695745,560.090655,True,1
CP-AU-r000,CP-SOURCE-r000,train,1800,12467,159161,25.533167562364643,0.8918009794133028,12.786678,361.3527385,479.672465,540.4695745,560.090655,True,1
CP-AU-r001,CP-SOURCE-r001,train,340,12471,84287,13.517280089808356,0.0,6.161265,360.80897300000004,479.735486,540.6085025,560.086216,True,1
CP-AU-r001,CP-SOURCE-r001,train,680,12471,102885,16.49987972095261,0.22065087142738493,6.161265,360.80897300000004,479.735486,540.6085025,560.086216,True,1
CP-AU-r001,CP-SOURCE-r001,train,1200,12471,129000,20.687996151070482,0.5304851281929597,6.161265,360.80897300000004,479.735486,540.6085025,560.086216,True,1
CP-AU-r001,CP-SOURCE-r001,train,1800,12471,159398,25.562986127816533,0.8911338640597009,6.161265,360.80897300000004,479.735486,540.6085025,560.086216,True,1
