source_id,source_group,split,geometry_id,replicate_id,config_id,n,m,mean_degree,r_E_from_g0340,base9_alias_classes,base9_aliased_actions,base9_competing_alias_pairs,ground_near_boundary_pairs,satellite_near_boundary_pairs
CP-AP-r000,CP-SOURCE-r000,train,A-P,r000,g0340,12479,80313,12.871704463498677,0.0,0,0,0,0,0
CP-AP-r000,CP-SOURCE-r000,train,A-P,r000,g0680,12479,104951,16.820418302748617,0.3067747438148245,0,0,0,1,0
CP-AP-r000,CP-SOURCE-r000,train,A-P,r000,g1200,12479,126467,20.268771536180783,0.5746765778890093,0,0,0,0,0
CP-AP-r000,CP-SOURCE-r000,train,A-P,r000,g1800,12479,161182,25.832518631300584,1.0069229140985894,0,0,0,0,0
CP-AP-r001,CP-SOURCE-r001,train,A-P,r001,g0340,12465,80289,12.88231046931408,0.0,0,0,0,0,0
CP-AP-r001,CP-SOURCE-r001,train,A-P,r001,g0680,12465,104866,16.82567188126755,0.30610668958387827,0,0,0,0,0
CP-AP-r001,CP-SOURCE-r001,train,A-P,r001,g1200,12465,126360,20.27436823104693,0.5738145947763703,0,0,0,1,0
CP-AP-r001,CP-SOURCE-r001,train,A-P,r001,g1800,12465,161050,25.840352988367428,1.0058787629687753,0,0,0,0,0
CP-AU-r000,CP-SOURCE-r000,train,A-U,r000,g0340,12467,84132,13.496751423758724,0.0,0,0,0,0,0
CP-AU-r000,CP-SOURCE-r000,train,A-U,r000,g0680,12467,102713,16.477580813347238,0.2208553225883136,0,0,0,0,0
CP-AU-r000,CP-SOURCE-r000,train,A-U,r000,g1200,12467,128790,20.66094489452154,0.5308087291399229,0,0,0,0,0
CP-AU-r000,CP-SOURCE-r000,train,A-U,r000,g1800,12467,159161,25.533167562364643,0.8918009794133029,0,0,0,0,0
CP-AU-r001,CP-SOURCE-r001,train,A-U,r001,g0340,12471,84287,13.517280089808356,0.0,0,0,0,0,0
CP-AU-r001,CP-SOURCE-r001,train,A-U,r001,g0680,12471,102885,16.49987972095261,0.22065087142738501,0,0,0,0,0
CP-AU-r001,CP-SOURCE-r001,train,A-U,r001,g1200,12471,129000,20.687996151070482,0.5304851281929598,0,0,0,0,0
CP-AU-r001,CP-SOURCE-r001,train,A-U,r001,g1800,12471,159398,25.562986127816533,0.8911338640597007,0,0,0,0,0
