source_id,source_group,factorial_id,config_id,ground_gap_seconds,satellite_gap_seconds,n,m,mean_degree,components,full_base9_alias_classes,new_satellite600_near_pair_count
CP-AP-r000,CP-SOURCE-r000,A,g0340_s0150,340,150,12479,80313,12.871704463498677,1,0,0
CP-AP-r000,CP-SOURCE-r000,G,g1200_s0150,1200,150,12479,126467,20.268771536180783,1,0,0
CP-AP-r000,CP-SOURCE-r000,S,g0340_s0600,340,600,12479,80313,12.871704463498677,1,0,0
CP-AP-r000,CP-SOURCE-r000,J,g1200_s0600,1200,600,12479,126467,20.268771536180783,1,0,0
CP-AP-r001,CP-SOURCE-r001,A,g0340_s0150,340,150,12465,80289,12.88231046931408,1,0,0
CP-AP-r001,CP-SOURCE-r001,G,g1200_s0150,1200,150,12465,126360,20.27436823104693,1,0,0
CP-AP-r001,CP-SOURCE-r001,S,g0340_s0600,340,600,12465,80289,12.88231046931408,1,0,0
CP-AP-r001,CP-SOURCE-r001,J,g1200_s0600,1200,600,12465,126360,20.27436823104693,1,0,0
CP-AU-r000,CP-SOURCE-r000,A,g0340_s0150,340,150,12467,84132,13.496751423758724,1,0,0
CP-AU-r000,CP-SOURCE-r000,G,g1200_s0150,1200,150,12467,128790,20.66094489452154,1,0,0
CP-AU-r000,CP-SOURCE-r000,S,g0340_s0600,340,600,12467,84132,13.496751423758724,1,0,0
CP-AU-r000,CP-SOURCE-r000,J,g1200_s0600,1200,600,12467,128790,20.66094489452154,1,0,0
CP-AU-r001,CP-SOURCE-r001,A,g0340_s0150,340,150,12471,84287,13.517280089808356,1,0,0
CP-AU-r001,CP-SOURCE-r001,G,g1200_s0150,1200,150,12471,129000,20.687996151070482,1,0,0
CP-AU-r001,CP-SOURCE-r001,S,g0340_s0600,340,600,12471,84287,13.517280089808356,1,0,0
CP-AU-r001,CP-SOURCE-r001,J,g1200_s0600,1200,600,12471,129000,20.687996151070482,1,0,0
