physical_group,method,budget_cpu_seconds,runs,independent_source_groups,mean_value_ticks_exact,mean_reward_seconds,paired_delta_degree_seconds,paired_relative_degree_percent,paired_delta_chils_p1_seconds,paired_relative_chils_p1_percent,mean_actual_cpu_seconds,mean_feature_cpu_seconds,mean_trial_count,mean_soft_cpu_overshoot_seconds,negative_raw_proposals
r000,llm_witness,10.0,8,1,5874157053239/8,734269.631654875,-7936.928122,-1.09454705884541,-16691.8143215,-2.2864890413762144,10.00908620825,6.053079641000066,4094.25,0.00908620825000006,1091
r000,llm_feedback,10.0,8,1,5870474374743/8,733809.296842875,-8397.262934,-1.1561862391929176,-17152.1491335,-2.347045234026186,10.008969003499999,6.553239580250001,3695.25,0.008969003499999406,1265
r000,grammar_online,10.0,8,1,5895517171187/8,736939.646398375,-5266.9133785,-0.7283505556325706,-14021.799578,-1.926076957235092,10.0083064705,5.475847841624856,4017.25,0.008306470500000218,1958
r000,witness_fixed,10.0,8,1,5879386206369/8,734923.275796125,-7283.28398075,-0.990518336510355,-16038.17018025,-2.1866441654786244,10.00685449,6.925885550875119,1975.25,0.0068544900000004905,6048
r000,witness_base9,10.0,8,1,5889962501683/8,736245.312710375,-5961.2470665,-0.8191247057961215,-14716.133266,-2.01627877213929,10.009856258500001,4.002989938999889,4054.75,0.009856258500000825,1951
r000,degree,10.0,8,1,5937652478215/8,742206.559776875,0.0,0.0,-8754.8861995,-1.2100424246670678,10.0062910725,2.5320729707497773,5288.25,0.00629107250000005,18955
r000,chils_ils,10.0,8,1,6007691567811/8,750961.445976375,8754.8861995,1.2361601909819233,0.0,0.0,10.016319057,0.0,0.0,0.016319056999999804,0
r000,chils,10.0,8,1,5915960655133/8,739495.081891625,-2711.47788525,-0.37847339928832274,-11466.36408475,-1.5812747085867245,10.015642275875,0.0,0.0,0.01564227587500011,0
r000,cp_sat,10.0,8,1,2900807895949/4,725201.97398725,-17004.585789625,-2.398905269154407,-25759.471989125,-3.5593087911323686,10.0254556005,0.0,0.0,0.025455600500000397,0
r001,llm_witness,10.0,8,1,5855121129639/8,731890.141204875,-8820.363818875,-1.2232273171448185,-17621.487229625,-2.4213951598303023,10.00795919925,6.094985670250092,3720.75,0.00795919924999966,2098
r001,llm_feedback,10.0,8,1,1463654124119/2,731827.0620595,-8883.44296425,-1.227309243377263,-17684.566375,-2.426492138523571,10.009588987375,6.571030417499941,3697.625,0.009588987375000135,1654
r001,grammar_online,10.0,8,1,5874806518817/8,734350.814852125,-6359.690171625,-0.8885324164840319,-15160.813582375,-2.0918833221674795,10.008581480750001,5.581158325375011,4002.625,0.008581480750000425,1743
r001,witness_fixed,10.0,8,1,5864161954365/8,733020.244295625,-7690.260728125,-1.0504645685446283,-16491.384138875,-2.255056572755028,10.007504119,6.910835001375049,1943.5,0.007504118999999809,6010
r001,witness_base9,10.0,8,1,2938064537015/4,734516.13425375,-6194.37077,-0.8552947576143114,-14995.49418075,-2.061055982517493,10.0070240165,4.158631442250001,5254.5,0.007024016500000174,1242
r001,degree,10.0,8,1,2962842020095/4,740710.50502375,0.0,0.0,-8801.12341075,-1.219915710293333,10.0062937575,2.535653971000074,5289.25,0.006293757499999941,19371
r001,chils_ils,10.0,8,1,1499023256869/2,749511.6284345,8801.12341075,1.2471505619550027,0.0,0.0,10.0179014095,0.0,0.0,0.017901409500000076,0
r001,chils,10.0,8,1,2953386537417/4,738346.63435425,-2363.8706695,-0.33407875867264,-11164.99408025,-1.5467967930146058,10.015594833,0.0,0.0,0.015594832999999753,0
r001,cp_sat,10.0,8,1,2891705541635/4,722926.38540875,-17784.119615,-2.5128725494446416,-26585.24302575,-3.6800420672830083,10.024699898875,0.0,0.0,0.024699898875000237,0
