method,budget_cpu_seconds,from_config,to_config,mean_reward_response_seconds,paired_response_difference_degree_seconds,paired_response_difference_chils_p1_seconds,same_nodes_and_rewards_registered,scope
llm_witness,10.0,A,W,-44080.25128375,-2848.867136,-6735.611403,True,Paired cold reoptimization; not a mid-solve change event
llm_feedback,10.0,A,W,-43882.34207825,-2650.9579305,-6537.7021975,True,Paired cold reoptimization; not a mid-solve change event
grammar_online,10.0,A,W,-44111.3404745,-2879.95632675,-6766.70059375,True,Paired cold reoptimization; not a mid-solve change event
witness_fixed,10.0,A,W,-42387.0124925,-1155.62834475,-5042.37261175,True,Paired cold reoptimization; not a mid-solve change event
witness_base9,10.0,A,W,-44509.3013315,-3277.91718375,-7164.66145075,True,Paired cold reoptimization; not a mid-solve change event
degree,10.0,A,W,-41231.38414775,0.0,-3886.744267,True,Paired cold reoptimization; not a mid-solve change event
chils_ils,10.0,A,W,-37344.63988075,3886.744267,0.0,True,Paired cold reoptimization; not a mid-solve change event
chils,10.0,A,W,-42733.965167,-1502.58101925,-5389.32528625,True,Paired cold reoptimization; not a mid-solve change event
cp_sat,10.0,A,W,-63484.6360055,-22253.25185775,-26139.99612475,True,Paired cold reoptimization; not a mid-solve change event
llm_witness,10.0,A,E,-43807.09608075,-2687.1390655,-6403.9430365,True,Paired cold reoptimization; not a mid-solve change event
llm_feedback,10.0,A,E,-42755.68409025,-1635.727075,-5352.531046,True,Paired cold reoptimization; not a mid-solve change event
grammar_online,10.0,A,E,-44113.94664375,-2993.9896285,-6710.7935995,True,Paired cold reoptimization; not a mid-solve change event
witness_fixed,10.0,A,E,-41533.0292085,-413.07219325,-4129.87616425,True,Paired cold reoptimization; not a mid-solve change event
witness_base9,10.0,A,E,-43768.46723125,-2648.510216,-6365.314187,True,Paired cold reoptimization; not a mid-solve change event
degree,10.0,A,E,-41119.95701525,0.0,-3716.803971,True,Paired cold reoptimization; not a mid-solve change event
chils_ils,10.0,A,E,-37403.15304425,3716.803971,0.0,True,Paired cold reoptimization; not a mid-solve change event
chils,10.0,A,E,-42541.608658,-1421.65164275,-5138.45561375,True,Paired cold reoptimization; not a mid-solve change event
cp_sat,10.0,A,E,-52561.66717125,-11441.710156,-15158.514127,True,Paired cold reoptimization; not a mid-solve change event
llm_witness,10.0,A,J,-121597.371278,-9137.35676125,-27903.98969275,True,Paired cold reoptimization; not a mid-solve change event
llm_feedback,10.0,A,J,-120681.67152975,-8221.657013,-26988.2899445,True,Paired cold reoptimization; not a mid-solve change event
grammar_online,10.0,A,J,-120566.93228075,-8106.917764,-26873.5506955,True,Paired cold reoptimization; not a mid-solve change event
witness_fixed,10.0,A,J,-115269.6375305,-2809.62301375,-21576.25594525,True,Paired cold reoptimization; not a mid-solve change event
witness_base9,10.0,A,J,-118372.873665,-5912.85914825,-24679.49207975,True,Paired cold reoptimization; not a mid-solve change event
degree,10.0,A,J,-112460.01451675,0.0,-18766.6329315,True,Paired cold reoptimization; not a mid-solve change event
chils_ils,10.0,A,J,-93693.38158525,18766.6329315,0.0,True,Paired cold reoptimization; not a mid-solve change event
chils,10.0,A,J,-117224.48029525,-4764.4657785,-23531.09871,True,Paired cold reoptimization; not a mid-solve change event
cp_sat,10.0,A,J,-151271.86245425,-38811.8479375,-57578.480869,True,Paired cold reoptimization; not a mid-solve change event
llm_witness,10.0,W,J,-77517.11999425,-6288.48962525,-21168.37828975,True,Paired cold reoptimization; not a mid-solve change event
llm_feedback,10.0,W,J,-76799.3294515,-5570.6990825,-20450.587747,True,Paired cold reoptimization; not a mid-solve change event
grammar_online,10.0,W,J,-76455.59180625,-5226.96143725,-20106.85010175,True,Paired cold reoptimization; not a mid-solve change event
witness_fixed,10.0,W,J,-72882.625038,-1653.994669,-16533.8833335,True,Paired cold reoptimization; not a mid-solve change event
witness_base9,10.0,W,J,-73863.5723335,-2634.9419645,-17514.830629,True,Paired cold reoptimization; not a mid-solve change event
degree,10.0,W,J,-71228.630369,0.0,-14879.8886645,True,Paired cold reoptimization; not a mid-solve change event
chils_ils,10.0,W,J,-56348.7417045,14879.8886645,0.0,True,Paired cold reoptimization; not a mid-solve change event
chils,10.0,W,J,-74490.51512825,-3261.88475925,-18141.77342375,True,Paired cold reoptimization; not a mid-solve change event
cp_sat,10.0,W,J,-87787.22644875,-16558.59607975,-31438.48474425,True,Paired cold reoptimization; not a mid-solve change event
llm_witness,10.0,E,J,-77790.27519725,-6450.21769575,-21500.04665625,True,Paired cold reoptimization; not a mid-solve change event
llm_feedback,10.0,E,J,-77925.9874395,-6585.929938,-21635.7588985,True,Paired cold reoptimization; not a mid-solve change event
grammar_online,10.0,E,J,-76452.985637,-5112.9281355,-20162.757096,True,Paired cold reoptimization; not a mid-solve change event
witness_fixed,10.0,E,J,-73736.608322,-2396.5508205,-17446.379781,True,Paired cold reoptimization; not a mid-solve change event
witness_base9,10.0,E,J,-74604.40643375,-3264.34893225,-18314.17789275,True,Paired cold reoptimization; not a mid-solve change event
degree,10.0,E,J,-71340.0575015,0.0,-15049.8289605,True,Paired cold reoptimization; not a mid-solve change event
chils_ils,10.0,E,J,-56290.228541,15049.8289605,0.0,True,Paired cold reoptimization; not a mid-solve change event
chils,10.0,E,J,-74682.87163725,-3342.81413575,-18392.64309625,True,Paired cold reoptimization; not a mid-solve change event
cp_sat,10.0,E,J,-98710.195283,-27370.1377815,-42419.966742,True,Paired cold reoptimization; not a mid-solve change event
