method,budget_cpu_seconds,runs,independent_source_groups,mean_value_ticks_exact,mean_reward_seconds,paired_delta_degree_seconds,paired_relative_degree_percent,paired_delta_chils_p1_seconds,paired_relative_chils_p1_percent,mean_actual_cpu_seconds,mean_feature_cpu_seconds,mean_trial_count,mean_soft_cpu_overshoot_seconds,negative_raw_proposals
llm_witness,10.0,16,2,5864639091439/8,733079.886429875,-8378.6459704375,-1.1588871879951144,-17156.6507755625,-2.353942100603258,10.00852270375,6.0740326556250785,3907.5,0.00852270374999986,3189
llm_feedback,10.0,16,2,11725090871219/16,732818.1794511875,-8640.352949125,-1.1917477412850903,-17418.35775425,-2.3867686862748787,10.0092789954375,6.562134998874971,3696.4375,0.00927899543749977,2919
grammar_online,10.0,16,2,2942580922501/4,735645.23062525,-5813.3017750625,-0.8084414860583012,-14591.3065801875,-2.008980139701286,10.008443975625001,5.528503083499933,4009.9375,0.008443975625000322,3701
witness_fixed,10.0,16,2,5871774080367/8,733971.760045875,-7486.7723544375,-1.0204914525274917,-16264.7771595625,-2.220850369116826,10.0071793045,6.9183602761250835,1959.375,0.00717930450000015,12058
witness_base9,10.0,16,2,11766091575713/16,735380.7234820625,-6077.80891825,-0.8372097317052165,-14855.813723375,-2.0386673773283914,10.008440137500001,4.080810690624945,4654.625,0.0084401375000005,3193
degree,10.0,16,2,11863336518405/16,741458.5324003125,0.0,0.0,-8778.004805125,-1.2149790674802003,10.006292415,2.5338634708749255,5288.75,0.006292414999999996,38326
chils_ils,10.0,16,2,12003784595287/16,750236.5372054375,8778.004805125,1.241655376468463,0.0,0.0,10.01711023325,0.0,0.0,0.01711023324999994,0
chils,10.0,16,2,11822733729967/16,738920.8581229375,-2537.674277375,-0.35627607898048136,-11315.6790825,-1.564035750800665,10.0156185544375,0.0,0.0,0.015618554437499932,0
cp_sat,10.0,16,2,724064179698,724064.179698,-17394.3527023125,-2.455888909299524,-26172.3575074375,-3.6196754292076885,10.025077749687501,0.0,0.0,0.025077749687500317,0
