pool,program_id,VAL_rank_fixed_quality_then_tiebreak,main_final_in_this_pool,declared_features,rule_referenced_features_co_names,feature_bearing_and_rule_referenced,VAL_Q_exact,VAL_Q,TRAIN_Q_exact,TRAIN_Q,TRAIN_G_exact,TRAIN_G,TRAIN_passed,TRAIN_total,TRAIN_C_mean_feature_work_exact,TRAIN_C_mean_feature_work,VAL_C_mean_feature_work_exact,VAL_paid_feasible_records,VAL_mean_cpu_seconds,VAL_mean_wall_seconds,VAL_head_committed_records,VAL_programme_error_count,VAL_deadline_soft_overshoot_count,program_content_sha256
witness_joint.b0,witness_joint.r2.b0.s2,1,True,[],[],False,1160507853284281384471548479669940688617504464212133168871313156118427852977202944903117879461837253733203057570188240595649977948282013606251656874066242779058122863538511/1163037279536584728848980514858963479124531428437807248303995162215488656516247249215546597739591684181769785396520672532803768807469772778380938577202041641228426371212800,0.9978251546216031,209346579235608485202548315384791715129075086807012842962083840656713283407512473259152876256425558036927770324507273884807892270467690374352181701758959841939484964394211/209646279796667341427758927710023655635011006763120075066876111364089569522316315802566286805515741675080070105863964498492562511619158364359460766898801418694913400096000,0.9985704465571746,609/743,0.819650067294751,609,743,4948843/8,618605.375,25318087/8,16,6.0086866850625,6.009938032831997,16,0,16,7f1dc95972fa31461342335a16c871936889f6b186c1720c9d718f4e69c8183f
witness_joint.b0,witness_joint.r2.b0.s0,2,False,[],[],False,1110560637750542586675101310785402037920701104571928344443407937242055547215853162714468355189868133661259326998704795732606882042537216964914996744313552193181552924055499873/1113026676516511585508474352720028049522176577014981536626923370240222644286048617499278094036789241761953684624470283613893206748748572548910558218382353850655604037250649600,0.9977843848507862,104711652094312219712636680268694533138778482515051132257752530684148330560217317486430167514517861983278305938785085854713082640938126183300879795683960110429895337650673/104823139898333670713879463855011827817505503381560037533438055682044784761158157901283143402757870837540035052931982249246281255809579182179730383449400709347456700048000,0.9989364199152059,585/743,0.7873485868102288,585,743,5151457/8,643932.125,21410629/8,16,6.00828637725,6.009424512507394,16,0,16,a4b2159d3199ef23b1751439ba5b2a6b5ee214a77249ba3a94d27e0c16aa3828
witness_joint.b0,witness_joint.r1.b0.s1,3,False,[],[],False,58013252706532649975280896867154121364762371029904025823880573873546511087246841155780478218308892058999149484171417270638356572094662147572406054086021994730546141031522957/58580351395605872921498650143159371027482977737630607190890703696853823383476243026277794422988907461155457085498435979678589828881503818363713590441176518455558107223718400,0.9903193020259732,103880131413336004697909130296683498324753962520973001283580852743999821040493601387167428567516569479829731154623431889905349299372997135292234932521075146444314968246393/104823139898333670713879463855011827817505503381560037533438055682044784761158157901283143402757870837540035052931982249246281255809579182179730383449400709347456700048000,0.9910038137961497,485/743,0.6527590847913862,485,743,9468443/16,591777.6875,35490177/16,16,6.008645402375,6.009763301583007,16,0,16,8a21018516ba6dd83691c27eb63d4d759ff1e796f769f0dc430e552c6647e84b
witness_joint.b0,witness_joint.r1.b0.s6,4,False,"[""residual_greedy"", ""residual_cover""]","[""residual_cover"", ""residual_greedy""]",True,109243904546240968190088911265540456427811460527416877237525825955088245722742414568825392520064690881044424099530442942408924720976778668273147770146403184666402244821019023/111302667651651158550847435272002804952217657701498153662692337024022264428604861749927809403678924176195368462447028361389320674874857254891055821838235385065560403725064960,0.9815030210070652,55607153814059724083662428793873775832876261614738561933634805049725310113776389089505897489657760862361137877176292539604068632379155201530057210622033955636273311842479/56443229176025822692088942075775599594041424897763097133389722290331807179085161946844769524561930450983095797732605826517228368512850328866008668011215766571707453872000,0.985187322302934,710/743,0.955585464333782,710,743,15718471/16,982404.4375,59870691/16,16,6.0094884591249995,6.010568912141025,16,0,16,080d59b8030be36dd9f5779e8378b394292664ac52239821e979ef55dd41ac82
witness_joint.b1,witness_joint.r1.b1.s0,1,True,[],[],False,5439561716480258073761499785065891459007802865921907394548983133738537377859306222104444979610206352156043791775753093860491431583281242646201010177697991227229688263393623/5456013120178978360335658591764843380010669495171478120720212599216777668068865772055284774690143341970361199139560213793594150729159669357404697148933107111056882535542400,0.9969847206492457,10858227687387069490204250436547969367915433018719647771492198674537844486193085758745621589366323118718746735108738287426661716124409361950069641498283965743752675072803/10870547841308676962920833288667893255148718869198818707171353922582422123379364523096029686211927346115262894378131492514429167269141544818638706431789703191588102227200,0.9988666482957933,562/743,0.756393001345895,562,743,10618051/16,663628.1875,45679465/16,16,6.0128892454375,6.014071132056415,16,0,16,6b54aa1d9e638900de680117544872276ab41c87b9fa2ad39f8814db7f2756ba
witness_joint.b1,witness_joint.r2.b1.s0,2,False,[],[],False,55440532266390624260863726232068251026197554865322755052714101800019359314774521116689072242991538087642088020930408698715183286905619096161412140685869935279192583756873371/55651333825825579275423717636001402476108828850749076831346168512011132214302430874963904701839462088097684231223514180694660337437428627445527910919117692532780201862532480,0.9962121022993858,243937525541698415484070407043459318428748963627801180588377980788136392184331469999725600330807443500808285534826866212989916841945219531326101492305629960528851522030323/244587326429445231665718748995027598240846174556973420911355463258104497776035701769660667939768365287593415123507958581574656263555684758419370894715268321810732300112000,0.997343276541623,590/743,0.7940780619111709,590,743,8823221/16,551451.3125,31772773/16,16,6.00885592825,6.010034404229373,16,0,16,ec67aedcdc1fbf24d47da65d223bda6b1b94fbdf21e6506ffcfe761f0e322892
witness_joint.b1,witness_joint.r2.b1.s3,3,False,"[""unused_placeholder""]",[],False,366942592648032594048820501945667847722555219898465978277951470927504989635729366781865980178759907026024385475915221120095222034520529811191750875805951972009731626484757033/371008892172170528502824784240009349840725525671660512208974456746740881428682872499759364678929747253984561541490094537964402249582857516303519406127451283551868012416883200,0.989039886617459,13436112122910645254745266645400450418930272285400769982811622373082330816721092062582277275518864769263330397359016266427377467621519626983511518485216886731792386049147/13588184801635846203651041610834866568935898586498523383964192403228027654224205653870037107764909182644078617972664365643036459086426931023298383039737128989485127784000,0.9888084625764809,586/743,0.7886944818304172,586,743,8764547/16,547784.1875,26341229/16,16,6.009348655125,6.0104904600884765,16,0,16,4b419b3271dca99f5a81617f59da6d15a3534b6afb9bcc18f5b8ee288606b095
witness_joint.b1,witness_joint.r1.b1.s5,4,False,"[""cover_displacement""]","[""cover_displacement""]",True,546144664858468004595812143771797231846821706193909986151016202754175252247009510620888114960248646031075538616387626043854700031805577370641752053512246626518392206220662271/556513338258255792754237176360014024761088288507490768313461685120111322143024308749639047018394620880976842312235141806946603374374286274455279109191176925327802018625324800,0.9813685087364858,7942992370083529200121858529929079906346770581647896077729297873517979600756571846026184137705957384491588681830681166820812022670386566286119890809056266311854858319997/8063318453717974670298420296539371370577346413966156733341388898618829597012165992406395646365990064426156542533229403788175481216121475552286952573030823795958207696000,0.9850773494405441,704/743,0.9475100942126514,704,743,8080333/8,1010041.625,14758491/4,16,6.009674297875,6.0107226457912475,16,0,16,e6c2ab8b6126e67e9da6debac90176285bfa3553abbd3140a6629f4c36148d57
relations_joint.b0,relations_joint.r2.b0.s0,1,True,[],[],False,9099580895173487081437273899172297673640761339830737932624190775674814345452918338845755445993675829365591373997965721086630253451565957758359779435531236821670363190497027/9123169479643537586135035678033016799362103090286733906778060411805103641688923094256377819973682309524210529708772816507321366793021086466479985396576670907013147846316800,0.9974144309691184,183193829375063813898324197284775761516172706470371491990559156590565294469641638847244542402513652724904985908319868264503142940725861280504998328628643065166421127325529/183440494822083923749289061746270698680634630917730065683516597443578373332026776327245500954826273965695061342630968936180992197666763568814528171036451241358049225084000,0.9986553380851957,590/743,0.7940780619111709,590,743,9748813/16,609300.8125,2995111,16,6.0086431750625,6.009783094283193,16,0,16,535546c0e7a9a57ffba7c56f6fb5f876a05c659d098f33f85be2add53bc078f4
relations_joint.b0,relations_joint.r2.b0.s2,2,False,[],[],False,284859204495075672380145440418040413283886907774308814489296631123912045201156461200658464296096859729990982584578645947593875646559114253463037093335279322760979762734443/285831195818313196073054533312796109276367893429630594922168302578382805415009917180091960461425074926028167597449995791960248266242571276042773040159823793183257328518400,0.996599421835483,15254130448801334496364401943316648975351854791556820043029172911541236100094081710909528757017073589936004140751654299543846040684377903084115235881700761721710013091053/15286707901840326979107421812189224890052885909810838806959716453631531111002231360603791746235522830474588445219247411348416016472230297401210680919704270113170768757000,0.9978689032819767,605/743,0.8142664872139973,605,743,2239317/4,559829.25,32327019/16,16,6.00858333625,6.009702315786853,16,0,16,6ca6b6b778eb075ff8a678bd8e9639de09109fe6bfa92059278065b45c188a2d
relations_joint.b0,relations_joint.r2.b0.s6,3,False,"[""active_weight_flatness""]","[""active_weight_flatness""]",True,110049455403172381724340180516617049332449914610227684948943424604927950639964104484773992356630929578149111123145890502103117933346790914661950569182225908913960502512870463/111302667651651158550847435272002804952217657701498153662692337024022264428604861749927809403678924176195368462447028361389320674874857254891055821838235385065560403725064960,0.9887405012393682,362732101551796062810447283448588787089741716876120950583214816518594095567812500153968173490542623790779804525892307428007498261435956398683640633887534436223324389727369/366880989644167847498578123492541397361269261835460131367033194887156746664053552654491001909652547931390122685261937872361984395333527137629056342072902482716098450168000,0.9886914606930282,586/743,0.7886944818304172,586,743,8931675/16,558229.6875,13433559/8,16,6.0092892090625,6.010388158028945,16,0,16,526d650512dcf1841aecd1d8605679e69700824d33a160a8c4ea7ff24f95e9b3
relations_joint.b0,relations_joint.r1.b0.s7,4,False,"[""residual_packing""]","[""residual_packing""]",True,43767961536094195936294875417317923283427167210325842003747114249385913606715686874479671030857187322619685237909892857651978096672203019763263230797817518843444202324577367/44521067060660463420338974108801121980887063080599261465076934809608905771441944699971123761471569670478147384978811344555728269949942901956422328735294154026224161490025984,0.9830842885337822,327225960421681544063166376053605988959770886403032204464043241526147192692366408837988046417523606055421331488704497583817061019150801113263833841022640493432197949339/332018995153093074659346718092797644670831911163312336078763072296069453994618599687322173673893708535194681163132975450101343344193237228623580400065975097480632081600,0.9855639743467043,689/743,0.927321668909825,689,743,21273359/16,1329584.9375,83479149/16,16,6.0097768880625,6.0108433668501675,16,0,16,9254b2a71f19483b4050dff480b4da6d74d45b8dbdaee56c43e5e3165f2270c0
relations_joint.b1,relations_joint.r1.b1.s0,1,True,[],[],False,1190334814588244432809457837233707040315060871181938789125912667269064186056920836785891121866402022998434706030145000499876270678143943822114877023323886576164405707676213/1190402862584504369527780056385056737456873344401049771793500930738206036669570713902971223568758547338987897994085864827693269249998473314342843014312677915139683462300160,0.9999428361621105,2075527929348396813528391508523013370036014441552006201681881138420633620761888980896682843718356648667898537116363566037312092898347220272240464950890095735307707/2074746922828611986946542380808404071816532333685888262390768856081344657475152329027367138537579448168148604496961604989092286378378238543505894121639819562912000,1.0003764345960422,589/743,0.7927321668909825,589,743,5236205/8,654525.625,77003637/16,16,6.008670735,6.009848144836724,16,0,16,427f47065fc868dd343e6a3ac3244bba0e4c3b6eaa9ee3bb49e883c9bc1778d2
relations_joint.b1,relations_joint.r2.b1.s2,2,False,[],[],False,158501838454178354911487934753798488498505662738814049848490175715744595961393519632573569213664358597253372321244802992406644864686841828028504924731208490434774744943133699/159003810930930226501210621817146864217453796716425933803846195748603234898006945357039727719541320251707669232067183373413315249821224649844365459768907692950800576750092800,0.9968430160647538,30526150675937961810768069304623461396754976724596401057177716416399733932892783164345136094472402531228722902645142884672897318790140373444423638873818421410885009444717/30573415803680653958214843624378449780105771819621677613919432907263062222004462721207583492471045660949176890438494822696832032944460594802421361839408540226341537514000,0.9984540449112329,594/743,0.7994616419919246,594,743,8908329/16,556770.5625,32492831/16,16,6.0089023413125,6.010053009958938,16,0,16,394268260da68b03298e4803f95ffd3680e1d37d23d40bc44368e5c8283da356
relations_joint.b1,relations_joint.r2.b1.s1,3,False,[],[],False,2895076969068312880482004233863221120871692915866049997077158572052220587002823678896491892604773897247079827904078161048191465027241134962130409083703201828993346019831851/2929017569780293646074932507157968551374148886881530359544535184842691169173812151313889721149445373057772854274921798983929491444075190918185679522058825922777905361185920,0.9884122918680455,434368835484540969249979403535137187137030899982722725244091380990245545592381173205475212790155882349576606319510108332343666357196449286390540595224735480394301040859/439510020538086669659871965849106196299813431369224476031186816276917336524772150529489070871102183805199308398037661422416273609264482944149812928509017649255583648000,0.988302462257285,600/743,0.8075370121130552,600,743,8965939/16,560371.1875,13628515/8,16,6.0090957185625,6.010220519499853,16,0,16,10895328061517205ffcaded05545aff8a999dc138def9242346450f18ebd5e6
relations_joint.b1,relations_joint.r1.b1.s7,4,False,"[""residual_pack""]","[""residual_pack""]",True,547637624485326318738598723155502320318269387942463701209508312606876644911625603218174826964261525138404800669855781618740497589830363635287735678121671323383352306134200977/556513338258255792754237176360014024761088288507490768313461685120111322143024308749639047018394620880976842312235141806946603374374286274455279109191176925327802018625324800,0.9840512110622395,41336170503020391952289692606348866081110180993164875428587911163492524210053920318409233532647980789630842174368760897347815561919986211058164501619158316943852644199493/41929255959333468285551785542004731127002201352624015013375222272817913904463263160513257361103148335016014021172792899698512502323831672871892153379760283738982680019200,0.9858550922799989,700/743,0.9421265141318977,700,743,22206439/16,1387902.4375,84981333/16,16,6.009253574,6.010348032461479,16,0,16,8d9c50d22952d06ddc34966c4a10ebc749b2f34a3061b6c2b997a563f42d971b
