source_id,source_group,factorial_id,config_id,n,m,mean_degree,new_west_ground_edges,new_east_ground_edges,cross_group_same_satellite_edges,cross_links_both_endpoints_exposed
CP-AP-r000,CP-SOURCE-r000,A,gW0340_gE0340_s0150,12479,80313,12.871704463498677,23036,23118,24444,24444
CP-AP-r000,CP-SOURCE-r000,W,gW1200_gE0340_s0150,12479,103349,16.56366696049363,23036,23118,24444,24444
CP-AP-r000,CP-SOURCE-r000,E,gW0340_gE1200_s0150,12479,103431,16.576809039185832,23036,23118,24444,24444
CP-AP-r000,CP-SOURCE-r000,J,gW1200_gE1200_s0150,12479,126467,20.268771536180783,23036,23118,24444,24444
CP-AP-r001,CP-SOURCE-r001,A,gW0340_gE0340_s0150,12465,80289,12.88231046931408,23002,23069,24473,24473
CP-AP-r001,CP-SOURCE-r001,W,gW1200_gE0340_s0150,12465,103291,16.572964300040113,23002,23069,24473,24473
CP-AP-r001,CP-SOURCE-r001,E,gW0340_gE1200_s0150,12465,103358,16.583714400320897,23002,23069,24473,24473
CP-AP-r001,CP-SOURCE-r001,J,gW1200_gE1200_s0150,12465,126360,20.27436823104693,23002,23069,24473,24473
CP-AU-r000,CP-SOURCE-r000,A,gW0340_gE0340_s0150,12467,84132,13.496751423758724,22301,22357,24390,24390
CP-AU-r000,CP-SOURCE-r000,W,gW1200_gE0340_s0150,12467,106433,17.074356300633674,22301,22357,24390,24390
CP-AU-r000,CP-SOURCE-r000,E,gW0340_gE1200_s0150,12467,106489,17.083340017646588,22301,22357,24390,24390
CP-AU-r000,CP-SOURCE-r000,J,gW1200_gE1200_s0150,12467,128790,20.66094489452154,22301,22357,24390,24390
CP-AU-r001,CP-SOURCE-r001,A,gW0340_gE0340_s0150,12471,84287,13.517280089808356,22356,22357,24494,24494
CP-AU-r001,CP-SOURCE-r001,W,gW1200_gE0340_s0150,12471,106643,17.102557934407827,22356,22357,24494,24494
CP-AU-r001,CP-SOURCE-r001,E,gW0340_gE1200_s0150,12471,106644,17.10271830647101,22356,22357,24494,24494
CP-AU-r001,CP-SOURCE-r001,J,gW1200_gE1200_s0150,12471,129000,20.687996151070482,22356,22357,24494,24494
