program_id,arm,passed_requirements,total_requirements,strict_fit_fraction,arithmetic_error_count,offline_fit_feature_work,offline_fit_cpu_seconds,execution_module_sha256
relations_joint.r1.b0.s0,relations_joint,595,743,0.800807537012113,0,189579,0.171875,e151df993418149b2429e2bfee7ab7f75c53ba291ea9afd89785a4cda9b489e7
relations_joint.r1.b0.s1,relations_joint,458,743,0.6164199192462988,0,109801,0.078125,e151df993418149b2429e2bfee7ab7f75c53ba291ea9afd89785a4cda9b489e7
relations_joint.r1.b0.s2,relations_joint,563,743,0.7577388963660835,0,295434,0.5,e151df993418149b2429e2bfee7ab7f75c53ba291ea9afd89785a4cda9b489e7
relations_joint.r1.b0.s3,relations_joint,603,743,0.8115746971736204,0,186877,0.140625,e151df993418149b2429e2bfee7ab7f75c53ba291ea9afd89785a4cda9b489e7
relations_joint.r1.b0.s4,relations_joint,606,743,0.8156123822341858,0,181613,0.15625,e151df993418149b2429e2bfee7ab7f75c53ba291ea9afd89785a4cda9b489e7
relations_joint.r1.b0.s5,relations_joint,602,743,0.8102288021534321,0,214170,0.15625,e151df993418149b2429e2bfee7ab7f75c53ba291ea9afd89785a4cda9b489e7
relations_joint.r1.b0.s6,relations_joint,528,743,0.7106325706594886,0,261187,0.21875,e151df993418149b2429e2bfee7ab7f75c53ba291ea9afd89785a4cda9b489e7
relations_joint.r1.b0.s7,relations_joint,689,743,0.927321668909825,0,326105,0.25,e151df993418149b2429e2bfee7ab7f75c53ba291ea9afd89785a4cda9b489e7
relations_joint.r1.b1.s0,relations_joint,589,743,0.7927321668909825,0,114754,0.109375,e151df993418149b2429e2bfee7ab7f75c53ba291ea9afd89785a4cda9b489e7
relations_joint.r1.b1.s1,relations_joint,594,743,0.7994616419919246,0,184626,0.171875,e151df993418149b2429e2bfee7ab7f75c53ba291ea9afd89785a4cda9b489e7
relations_joint.r1.b1.s2,relations_joint,532,743,0.7160161507402423,0,284052,0.609375,e151df993418149b2429e2bfee7ab7f75c53ba291ea9afd89785a4cda9b489e7
relations_joint.r1.b1.s3,relations_joint,558,743,0.7510094212651414,0,295434,0.28125,e151df993418149b2429e2bfee7ab7f75c53ba291ea9afd89785a4cda9b489e7
relations_joint.r1.b1.s4,relations_joint,608,743,0.8183041722745625,0,181924,0.15625,e151df993418149b2429e2bfee7ab7f75c53ba291ea9afd89785a4cda9b489e7
relations_joint.r1.b1.s5,relations_joint,601,743,0.8088829071332436,0,222355,0.203125,e151df993418149b2429e2bfee7ab7f75c53ba291ea9afd89785a4cda9b489e7
relations_joint.r1.b1.s6,relations_joint,562,743,0.756393001345895,0,241410,0.46875,e151df993418149b2429e2bfee7ab7f75c53ba291ea9afd89785a4cda9b489e7
relations_joint.r1.b1.s7,relations_joint,700,743,0.9421265141318977,0,253286,0.171875,e151df993418149b2429e2bfee7ab7f75c53ba291ea9afd89785a4cda9b489e7
relations_rule_only.r1.b0.s0,relations_rule_only,458,743,0.6164199192462988,0,109801,0.078125,e151df993418149b2429e2bfee7ab7f75c53ba291ea9afd89785a4cda9b489e7
relations_rule_only.r1.b0.s1,relations_rule_only,589,743,0.7927321668909825,0,114754,0.125,e151df993418149b2429e2bfee7ab7f75c53ba291ea9afd89785a4cda9b489e7
relations_rule_only.r1.b0.s2,relations_rule_only,590,743,0.7940780619111709,0,165784,0.15625,e151df993418149b2429e2bfee7ab7f75c53ba291ea9afd89785a4cda9b489e7
relations_rule_only.r1.b0.s3,relations_rule_only,521,743,0.7012113055181696,0,231853,0.203125,e151df993418149b2429e2bfee7ab7f75c53ba291ea9afd89785a4cda9b489e7
relations_rule_only.r1.b0.s4,relations_rule_only,631,743,0.8492597577388964,0,185568,0.21875,e151df993418149b2429e2bfee7ab7f75c53ba291ea9afd89785a4cda9b489e7
relations_rule_only.r1.b0.s5,relations_rule_only,604,743,0.8129205921938089,0,137439,0.125,e151df993418149b2429e2bfee7ab7f75c53ba291ea9afd89785a4cda9b489e7
relations_rule_only.r1.b0.s6,relations_rule_only,591,743,0.7954239569313594,0,174580,0.515625,e151df993418149b2429e2bfee7ab7f75c53ba291ea9afd89785a4cda9b489e7
relations_rule_only.r1.b0.s7,relations_rule_only,439,743,0.5908479138627187,0,235882,0.203125,e151df993418149b2429e2bfee7ab7f75c53ba291ea9afd89785a4cda9b489e7
relations_rule_only.r1.b1.s0,relations_rule_only,589,743,0.7927321668909825,0,114754,0.09375,e151df993418149b2429e2bfee7ab7f75c53ba291ea9afd89785a4cda9b489e7
relations_rule_only.r1.b1.s1,relations_rule_only,590,743,0.7940780619111709,0,165784,0.15625,e151df993418149b2429e2bfee7ab7f75c53ba291ea9afd89785a4cda9b489e7
relations_rule_only.r1.b1.s2,relations_rule_only,541,743,0.7281292059219381,0,236806,0.25,e151df993418149b2429e2bfee7ab7f75c53ba291ea9afd89785a4cda9b489e7
relations_rule_only.r1.b1.s3,relations_rule_only,612,743,0.8236877523553163,0,185568,0.484375,e151df993418149b2429e2bfee7ab7f75c53ba291ea9afd89785a4cda9b489e7
relations_rule_only.r1.b1.s4,relations_rule_only,456,743,0.6137281292059219,0,128643,0.078125,e151df993418149b2429e2bfee7ab7f75c53ba291ea9afd89785a4cda9b489e7
relations_rule_only.r1.b1.s5,relations_rule_only,601,743,0.8088829071332436,0,255648,0.234375,e151df993418149b2429e2bfee7ab7f75c53ba291ea9afd89785a4cda9b489e7
relations_rule_only.r1.b1.s6,relations_rule_only,594,743,0.7994616419919246,0,170737,0.15625,e151df993418149b2429e2bfee7ab7f75c53ba291ea9afd89785a4cda9b489e7
relations_rule_only.r1.b1.s7,relations_rule_only,349,743,0.4697173620457604,0,251637,0.546875,e151df993418149b2429e2bfee7ab7f75c53ba291ea9afd89785a4cda9b489e7
witness_joint.r1.b0.s0,witness_joint,588,743,0.7913862718707941,0,170737,0.140625,e151df993418149b2429e2bfee7ab7f75c53ba291ea9afd89785a4cda9b489e7
witness_joint.r1.b0.s1,witness_joint,485,743,0.6527590847913862,0,252087,0.234375,e151df993418149b2429e2bfee7ab7f75c53ba291ea9afd89785a4cda9b489e7
witness_joint.r1.b0.s2,witness_joint,571,743,0.7685060565275909,0,295434,0.296875,e151df993418149b2429e2bfee7ab7f75c53ba291ea9afd89785a4cda9b489e7
witness_joint.r1.b0.s3,witness_joint,609,743,0.819650067294751,0,237907,0.203125,e151df993418149b2429e2bfee7ab7f75c53ba291ea9afd89785a4cda9b489e7
witness_joint.r1.b0.s4,witness_joint,597,743,0.8034993270524899,0,214170,0.53125,e151df993418149b2429e2bfee7ab7f75c53ba291ea9afd89785a4cda9b489e7
witness_joint.r1.b0.s5,witness_joint,684,743,0.9205921938088829,0,456865,0.328125,e151df993418149b2429e2bfee7ab7f75c53ba291ea9afd89785a4cda9b489e7
witness_joint.r1.b0.s6,witness_joint,710,743,0.955585464333782,0,525669,0.375,e151df993418149b2429e2bfee7ab7f75c53ba291ea9afd89785a4cda9b489e7
witness_joint.r1.b0.s7,witness_joint,602,743,0.8102288021534321,0,474522,0.296875,e151df993418149b2429e2bfee7ab7f75c53ba291ea9afd89785a4cda9b489e7
witness_joint.r1.b1.s0,witness_joint,562,743,0.756393001345895,0,180823,0.140625,e151df993418149b2429e2bfee7ab7f75c53ba291ea9afd89785a4cda9b489e7
witness_joint.r1.b1.s1,witness_joint,495,743,0.6662180349932705,0,233566,0.53125,e151df993418149b2429e2bfee7ab7f75c53ba291ea9afd89785a4cda9b489e7
witness_joint.r1.b1.s2,witness_joint,520,743,0.6998654104979811,0,266265,0.296875,e151df993418149b2429e2bfee7ab7f75c53ba291ea9afd89785a4cda9b489e7
witness_joint.r1.b1.s3,witness_joint,608,743,0.8183041722745625,0,227364,0.15625,e151df993418149b2429e2bfee7ab7f75c53ba291ea9afd89785a4cda9b489e7
witness_joint.r1.b1.s4,witness_joint,617,743,0.8304172274562585,0,505346,0.40625,e151df993418149b2429e2bfee7ab7f75c53ba291ea9afd89785a4cda9b489e7
witness_joint.r1.b1.s5,witness_joint,704,743,0.9475100942126514,0,677737,0.453125,e151df993418149b2429e2bfee7ab7f75c53ba291ea9afd89785a4cda9b489e7
witness_joint.r1.b1.s6,witness_joint,700,743,0.9421265141318977,0,258239,0.53125,e151df993418149b2429e2bfee7ab7f75c53ba291ea9afd89785a4cda9b489e7
witness_joint.r1.b1.s7,witness_joint,700,743,0.9421265141318977,0,473529,0.3125,e151df993418149b2429e2bfee7ab7f75c53ba291ea9afd89785a4cda9b489e7
relations_joint.r2.b0.s0,relations_joint,590,743,0.7940780619111709,0,170737,0.171875,e151df993418149b2429e2bfee7ab7f75c53ba291ea9afd89785a4cda9b489e7
relations_joint.r2.b0.s1,relations_joint,528,743,0.7106325706594886,0,133596,0.109375,e151df993418149b2429e2bfee7ab7f75c53ba291ea9afd89785a4cda9b489e7
relations_joint.r2.b0.s2,relations_joint,605,743,0.8142664872139973,0,235606,0.4375,e151df993418149b2429e2bfee7ab7f75c53ba291ea9afd89785a4cda9b489e7
relations_joint.r2.b0.s3,relations_joint,586,743,0.7886944818304172,0,190664,0.21875,e151df993418149b2429e2bfee7ab7f75c53ba291ea9afd89785a4cda9b489e7
relations_joint.r2.b0.s4,relations_joint,578,743,0.7779273216689099,0,334887,0.5,e151df993418149b2429e2bfee7ab7f75c53ba291ea9afd89785a4cda9b489e7
relations_joint.r2.b0.s5,relations_joint,587,743,0.7900403768506057,0,202891,0.265625,e151df993418149b2429e2bfee7ab7f75c53ba291ea9afd89785a4cda9b489e7
relations_joint.r2.b0.s6,relations_joint,586,743,0.7886944818304172,0,208587,0.203125,e151df993418149b2429e2bfee7ab7f75c53ba291ea9afd89785a4cda9b489e7
relations_joint.r2.b0.s7,relations_joint,586,743,0.7886944818304172,0,278069,0.578125,e151df993418149b2429e2bfee7ab7f75c53ba291ea9afd89785a4cda9b489e7
relations_joint.r2.b1.s0,relations_joint,590,743,0.7940780619111709,0,170737,0.15625,e151df993418149b2429e2bfee7ab7f75c53ba291ea9afd89785a4cda9b489e7
relations_joint.r2.b1.s1,relations_joint,600,743,0.8075370121130552,0,185568,0.1875,e151df993418149b2429e2bfee7ab7f75c53ba291ea9afd89785a4cda9b489e7
relations_joint.r2.b1.s2,relations_joint,594,743,0.7994616419919246,0,236254,0.234375,e151df993418149b2429e2bfee7ab7f75c53ba291ea9afd89785a4cda9b489e7
relations_joint.r2.b1.s3,relations_joint,586,743,0.7886944818304172,0,133596,0.109375,e151df993418149b2429e2bfee7ab7f75c53ba291ea9afd89785a4cda9b489e7
relations_joint.r2.b1.s4,relations_joint,458,743,0.6164199192462988,0,109801,0.390625,e151df993418149b2429e2bfee7ab7f75c53ba291ea9afd89785a4cda9b489e7
relations_joint.r2.b1.s5,relations_joint,590,743,0.7940780619111709,0,329962,0.34375,e151df993418149b2429e2bfee7ab7f75c53ba291ea9afd89785a4cda9b489e7
relations_joint.r2.b1.s6,relations_joint,589,743,0.7927321668909825,0,261960,0.25,e151df993418149b2429e2bfee7ab7f75c53ba291ea9afd89785a4cda9b489e7
relations_joint.r2.b1.s7,relations_joint,589,743,0.7927321668909825,0,266383,0.5625,e151df993418149b2429e2bfee7ab7f75c53ba291ea9afd89785a4cda9b489e7
relations_rule_only.r2.b0.s0,relations_rule_only,586,743,0.7886944818304172,0,114754,0.09375,e151df993418149b2429e2bfee7ab7f75c53ba291ea9afd89785a4cda9b489e7
relations_rule_only.r2.b0.s1,relations_rule_only,591,743,0.7954239569313594,0,170737,0.15625,e151df993418149b2429e2bfee7ab7f75c53ba291ea9afd89785a4cda9b489e7
relations_rule_only.r2.b0.s2,relations_rule_only,586,743,0.7886944818304172,0,180823,0.171875,e151df993418149b2429e2bfee7ab7f75c53ba291ea9afd89785a4cda9b489e7
relations_rule_only.r2.b0.s3,relations_rule_only,588,743,0.7913862718707941,0,185568,0.203125,e151df993418149b2429e2bfee7ab7f75c53ba291ea9afd89785a4cda9b489e7
relations_rule_only.r2.b0.s4,relations_rule_only,586,743,0.7886944818304172,0,133596,0.109375,e151df993418149b2429e2bfee7ab7f75c53ba291ea9afd89785a4cda9b489e7
relations_rule_only.r2.b0.s5,relations_rule_only,586,743,0.7886944818304172,0,236530,0.21875,e151df993418149b2429e2bfee7ab7f75c53ba291ea9afd89785a4cda9b489e7
relations_rule_only.r2.b0.s6,relations_rule_only,578,743,0.7779273216689099,0,170737,0.515625,e151df993418149b2429e2bfee7ab7f75c53ba291ea9afd89785a4cda9b489e7
relations_rule_only.r2.b0.s7,relations_rule_only,458,743,0.6164199192462988,0,128643,0.109375,e151df993418149b2429e2bfee7ab7f75c53ba291ea9afd89785a4cda9b489e7
relations_rule_only.r2.b1.s0,relations_rule_only,587,743,0.7900403768506057,0,114754,0.09375,e151df993418149b2429e2bfee7ab7f75c53ba291ea9afd89785a4cda9b489e7
relations_rule_only.r2.b1.s1,relations_rule_only,592,743,0.7967698519515478,0,236806,0.21875,e151df993418149b2429e2bfee7ab7f75c53ba291ea9afd89785a4cda9b489e7
relations_rule_only.r2.b1.s2,relations_rule_only,578,743,0.7779273216689099,0,170737,0.15625,e151df993418149b2429e2bfee7ab7f75c53ba291ea9afd89785a4cda9b489e7
relations_rule_only.r2.b1.s3,relations_rule_only,582,743,0.7833109017496636,0,118597,0.109375,e151df993418149b2429e2bfee7ab7f75c53ba291ea9afd89785a4cda9b489e7
relations_rule_only.r2.b1.s4,relations_rule_only,601,743,0.8088829071332436,0,185568,0.1875,e151df993418149b2429e2bfee7ab7f75c53ba291ea9afd89785a4cda9b489e7
relations_rule_only.r2.b1.s5,relations_rule_only,586,743,0.7886944818304172,0,180823,0.484375,e151df993418149b2429e2bfee7ab7f75c53ba291ea9afd89785a4cda9b489e7
relations_rule_only.r2.b1.s6,relations_rule_only,458,743,0.6164199192462988,0,128643,0.078125,e151df993418149b2429e2bfee7ab7f75c53ba291ea9afd89785a4cda9b489e7
relations_rule_only.r2.b1.s7,relations_rule_only,603,743,0.8115746971736204,0,170737,0.171875,e151df993418149b2429e2bfee7ab7f75c53ba291ea9afd89785a4cda9b489e7
witness_joint.r2.b0.s0,witness_joint,585,743,0.7873485868102288,0,180823,0.171875,e151df993418149b2429e2bfee7ab7f75c53ba291ea9afd89785a4cda9b489e7
witness_joint.r2.b0.s1,witness_joint,586,743,0.7886944818304172,0,199858,0.1875,e151df993418149b2429e2bfee7ab7f75c53ba291ea9afd89785a4cda9b489e7
witness_joint.r2.b0.s2,witness_joint,609,743,0.819650067294751,0,170737,0.15625,e151df993418149b2429e2bfee7ab7f75c53ba291ea9afd89785a4cda9b489e7
witness_joint.r2.b0.s3,witness_joint,591,743,0.7954239569313594,0,213691,0.546875,e151df993418149b2429e2bfee7ab7f75c53ba291ea9afd89785a4cda9b489e7
witness_joint.r2.b0.s4,witness_joint,586,743,0.7886944818304172,0,255443,0.34375,e151df993418149b2429e2bfee7ab7f75c53ba291ea9afd89785a4cda9b489e7
witness_joint.r2.b0.s5,witness_joint,587,743,0.7900403768506057,0,298372,0.296875,e151df993418149b2429e2bfee7ab7f75c53ba291ea9afd89785a4cda9b489e7
witness_joint.r2.b0.s6,witness_joint,587,743,0.7900403768506057,0,526777,0.515625,e151df993418149b2429e2bfee7ab7f75c53ba291ea9afd89785a4cda9b489e7
witness_joint.r2.b0.s7,witness_joint,684,743,0.9205921938088829,0,527502,0.515625,e151df993418149b2429e2bfee7ab7f75c53ba291ea9afd89785a4cda9b489e7
witness_joint.r2.b1.s0,witness_joint,590,743,0.7940780619111709,0,236806,0.546875,e151df993418149b2429e2bfee7ab7f75c53ba291ea9afd89785a4cda9b489e7
witness_joint.r2.b1.s1,witness_joint,589,743,0.7927321668909825,0,170737,0.15625,e151df993418149b2429e2bfee7ab7f75c53ba291ea9afd89785a4cda9b489e7
witness_joint.r2.b1.s2,witness_joint,585,743,0.7873485868102288,0,180823,0.15625,e151df993418149b2429e2bfee7ab7f75c53ba291ea9afd89785a4cda9b489e7
witness_joint.r2.b1.s3,witness_joint,586,743,0.7886944818304172,0,179505,0.1875,e151df993418149b2429e2bfee7ab7f75c53ba291ea9afd89785a4cda9b489e7
witness_joint.r2.b1.s4,witness_joint,587,743,0.7900403768506057,0,298372,0.234375,e151df993418149b2429e2bfee7ab7f75c53ba291ea9afd89785a4cda9b489e7
witness_joint.r2.b1.s5,witness_joint,595,743,0.800807537012113,0,677737,0.671875,e151df993418149b2429e2bfee7ab7f75c53ba291ea9afd89785a4cda9b489e7
witness_joint.r2.b1.s6,witness_joint,657,743,0.8842530282637954,0,415769,0.34375,e151df993418149b2429e2bfee7ab7f75c53ba291ea9afd89785a4cda9b489e7
witness_joint.r2.b1.s7,witness_joint,650,743,0.8748317631224765,0,574823,0.375,e151df993418149b2429e2bfee7ab7f75c53ba291ea9afd89785a4cda9b489e7
nonllm_grammar.base.s0,nonllm_grammar,589,743,0.7927321668909825,0,114754,0.078125,e151df993418149b2429e2bfee7ab7f75c53ba291ea9afd89785a4cda9b489e7
nonllm_grammar.base.s1,nonllm_grammar,609,743,0.819650067294751,0,165784,0.15625,e151df993418149b2429e2bfee7ab7f75c53ba291ea9afd89785a4cda9b489e7
nonllm_grammar.base.s2,nonllm_grammar,498,743,0.6702557200538358,0,175870,0.421875,e151df993418149b2429e2bfee7ab7f75c53ba291ea9afd89785a4cda9b489e7
nonllm_grammar.base.s3,nonllm_grammar,594,743,0.7994616419919246,0,114754,0.109375,e151df993418149b2429e2bfee7ab7f75c53ba291ea9afd89785a4cda9b489e7
nonllm_grammar.base.s4,nonllm_grammar,565,743,0.7604306864064603,0,170737,0.15625,e151df993418149b2429e2bfee7ab7f75c53ba291ea9afd89785a4cda9b489e7
nonllm_grammar.base.s5,nonllm_grammar,563,743,0.7577388963660835,0,114754,0.09375,e151df993418149b2429e2bfee7ab7f75c53ba291ea9afd89785a4cda9b489e7
nonllm_grammar.base.s6,nonllm_grammar,589,743,0.7927321668909825,0,114754,0.09375,e151df993418149b2429e2bfee7ab7f75c53ba291ea9afd89785a4cda9b489e7
nonllm_grammar.base.s7,nonllm_grammar,573,743,0.7711978465679677,0,180823,0.15625,e151df993418149b2429e2bfee7ab7f75c53ba291ea9afd89785a4cda9b489e7
nonllm_grammar.local.s0,nonllm_grammar,553,743,0.7442799461641992,0,269465,0.171875,e151df993418149b2429e2bfee7ab7f75c53ba291ea9afd89785a4cda9b489e7
nonllm_grammar.local.s1,nonllm_grammar,546,743,0.7348586810228802,0,475774,0.453125,e151df993418149b2429e2bfee7ab7f75c53ba291ea9afd89785a4cda9b489e7
nonllm_grammar.local.s2,nonllm_grammar,479,743,0.6446837146702558,0,320495,0.546875,e151df993418149b2429e2bfee7ab7f75c53ba291ea9afd89785a4cda9b489e7
nonllm_grammar.local.s3,nonllm_grammar,608,743,0.8183041722745625,0,157901,0.109375,e151df993418149b2429e2bfee7ab7f75c53ba291ea9afd89785a4cda9b489e7
nonllm_grammar.local.s4,nonllm_grammar,599,743,0.8061911170928667,0,148794,0.125,e151df993418149b2429e2bfee7ab7f75c53ba291ea9afd89785a4cda9b489e7
nonllm_grammar.local.s5,nonllm_grammar,528,743,0.7106325706594886,0,269465,0.15625,e151df993418149b2429e2bfee7ab7f75c53ba291ea9afd89785a4cda9b489e7
nonllm_grammar.local.s6,nonllm_grammar,612,743,0.8236877523553163,0,475774,0.34375,e151df993418149b2429e2bfee7ab7f75c53ba291ea9afd89785a4cda9b489e7
nonllm_grammar.local.s7,nonllm_grammar,587,743,0.7900403768506057,0,475774,0.34375,e151df993418149b2429e2bfee7ab7f75c53ba291ea9afd89785a4cda9b489e7
nonllm_grammar.mixed.s0,nonllm_grammar,682,743,0.917900403768506,0,476047,0.546875,e151df993418149b2429e2bfee7ab7f75c53ba291ea9afd89785a4cda9b489e7
nonllm_grammar.mixed.s1,nonllm_grammar,672,743,0.9044414535666218,0,476047,0.28125,e151df993418149b2429e2bfee7ab7f75c53ba291ea9afd89785a4cda9b489e7
nonllm_grammar.mixed.s2,nonllm_grammar,662,743,0.8909825033647375,0,267930,0.171875,e151df993418149b2429e2bfee7ab7f75c53ba291ea9afd89785a4cda9b489e7
nonllm_grammar.mixed.s3,nonllm_grammar,668,743,0.8990578734858681,0,308103,0.171875,e151df993418149b2429e2bfee7ab7f75c53ba291ea9afd89785a4cda9b489e7
nonllm_grammar.mixed.s4,nonllm_grammar,669,743,0.9004037685060565,0,298996,0.28125,e151df993418149b2429e2bfee7ab7f75c53ba291ea9afd89785a4cda9b489e7
nonllm_grammar.mixed.s5,nonllm_grammar,581,743,0.7819650067294751,0,221555,0.15625,e151df993418149b2429e2bfee7ab7f75c53ba291ea9afd89785a4cda9b489e7
nonllm_grammar.mixed.s6,nonllm_grammar,505,743,0.6796769851951547,0,321408,0.21875,e151df993418149b2429e2bfee7ab7f75c53ba291ea9afd89785a4cda9b489e7
nonllm_grammar.mixed.s7,nonllm_grammar,679,743,0.9138627187079408,0,519550,0.3125,e151df993418149b2429e2bfee7ab7f75c53ba291ea9afd89785a4cda9b489e7
nonllm_grammar.residual.s0,nonllm_grammar,700,743,0.9421265141318977,0,264600,0.1875,e151df993418149b2429e2bfee7ab7f75c53ba291ea9afd89785a4cda9b489e7
nonllm_grammar.residual.s1,nonllm_grammar,719,743,0.9676985195154778,0,374687,0.203125,e151df993418149b2429e2bfee7ab7f75c53ba291ea9afd89785a4cda9b489e7
nonllm_grammar.residual.s2,nonllm_grammar,709,743,0.9542395693135935,0,476047,0.53125,e151df993418149b2429e2bfee7ab7f75c53ba291ea9afd89785a4cda9b489e7
nonllm_grammar.residual.s3,nonllm_grammar,711,743,0.9569313593539704,0,476047,0.3125,e151df993418149b2429e2bfee7ab7f75c53ba291ea9afd89785a4cda9b489e7
nonllm_grammar.residual.s4,nonllm_grammar,586,743,0.7886944818304172,0,468841,0.296875,e151df993418149b2429e2bfee7ab7f75c53ba291ea9afd89785a4cda9b489e7
nonllm_grammar.residual.s5,nonllm_grammar,586,743,0.7886944818304172,0,468841,0.296875,e151df993418149b2429e2bfee7ab7f75c53ba291ea9afd89785a4cda9b489e7
nonllm_grammar.residual.s6,nonllm_grammar,586,743,0.7886944818304172,0,324099,0.1875,e151df993418149b2429e2bfee7ab7f75c53ba291ea9afd89785a4cda9b489e7
nonllm_grammar.residual.s7,nonllm_grammar,589,743,0.7927321668909825,0,468841,0.3125,e151df993418149b2429e2bfee7ab7f75c53ba291ea9afd89785a4cda9b489e7
