bank,slot,name,status,added_representation_distinguishes_at_least_one_root,initial_rule_matches_both_existing_strict_requirements,both_roots_still_full_representation_alias
witness_operators,0,cheap_frontier_degree,evaluated,False,False,True
witness_operators,1,blocked_frontier_exposure,evaluated,True,False,False
witness_operators,2,resource_compatible_completion,evaluated,True,False,False
witness_operators,3,witness_frontier_cut,evaluated,True,False,False
witness_operators,4,blocked_include_skip_completion,evaluated,True,False,False
witness_operators,5,phase_aware_pair_pressure,evaluated,True,True,False
feedback_operators,0,cheap_second_ring,evaluated,False,False,True
feedback_operators,1,blocked_clique_crowding,evaluated,False,False,True
feedback_operators,2,rejected_neighbor_packing,evaluated,False,False,True
feedback_operators,3,resource_weighted_edge_density,evaluated,False,False,True
feedback_operators,4,lazy_compatible_survival,evaluated,True,False,False
feedback_operators,5,wide_frontier_progress,evaluated,False,False,True
grammar_operators,0,grammar.neighbor_edges,evaluated,False,False,True
grammar_operators,1,grammar.neighbor_mean,evaluated,False,False,True
grammar_operators,2,grammar.neighbor_edge_weight,evaluated,False,False,True
grammar_operators,3,grammar.compatible_max,evaluated,False,False,True
grammar_operators,4,grammar.twohop_count,evaluated,False,False,True
grammar_operators,5,grammar.twohop_incident,evaluated,True,False,False
